/*
 Navicat Premium Dump SQL

 Source Server         : 192.168.150.101_3306
 Source Server Type    : MySQL
 Source Server Version : 80029 (8.0.29)
 Source Host           : 192.168.150.101:3306
 Source Schema         : tj_auth

 Target Server Type    : MySQL
 Target Server Version : 80029 (8.0.29)
 File Encoding         : 65001

 Date: 01/07/2024 23:17:51
*/

SET NAMES utf8mb4;
SET FOREIGN_KEY_CHECKS = 0;

-- ----------------------------
-- Table structure for account_role
-- ----------------------------
DROP TABLE IF EXISTS `account_role`;
CREATE TABLE `account_role`  (
  `id` bigint NOT NULL AUTO_INCREMENT,
  `account_id` bigint NOT NULL COMMENT '账户id',
  `role_id` bigint NOT NULL COMMENT '角色id',
  PRIMARY KEY (`id`) USING BTREE
) ENGINE = InnoDB AUTO_INCREMENT = 2 CHARACTER SET = utf8mb4 COLLATE = utf8mb4_0900_ai_ci COMMENT = '账户、角色关联表' ROW_FORMAT = Dynamic;

-- ----------------------------
-- Records of account_role
-- ----------------------------
INSERT INTO `account_role` VALUES (1, 1, 1);

-- ----------------------------
-- Table structure for login_record
-- ----------------------------
DROP TABLE IF EXISTS `login_record`;
CREATE TABLE `login_record`  (
  `id` bigint NOT NULL AUTO_INCREMENT COMMENT '主键',
  `user_id` bigint NOT NULL COMMENT '用户id',
  `cell_phone` varchar(11) CHARACTER SET utf8mb4 COLLATE utf8mb4_0900_ai_ci NULL DEFAULT NULL COMMENT '手机号码',
  `login_time` datetime NOT NULL DEFAULT CURRENT_TIMESTAMP COMMENT '登录时间',
  `logout_time` datetime NULL DEFAULT NULL COMMENT '登出时间',
  `login_date` date NULL DEFAULT NULL COMMENT '登录日期',
  `duration` bigint NULL DEFAULT 0 COMMENT '登录时长，单位是秒',
  `ipv4` varchar(15) CHARACTER SET utf8mb4 COLLATE utf8mb4_0900_ai_ci NOT NULL DEFAULT '' COMMENT 'ip地址',
  PRIMARY KEY (`id`) USING BTREE
) ENGINE = InnoDB AUTO_INCREMENT = 345 CHARACTER SET = utf8mb4 COLLATE = utf8mb4_0900_ai_ci COMMENT = '登录信息记录表' ROW_FORMAT = Dynamic;

-- ----------------------------
-- Records of login_record
-- ----------------------------
INSERT INTO `login_record` VALUES (1, 1, '', '2022-07-12 16:09:08', NULL, '2022-07-12', 0, '192.168.150.1');
INSERT INTO `login_record` VALUES (2, 1, '', '2022-07-12 16:18:54', NULL, '2022-07-12', 0, '192.168.150.1');
INSERT INTO `login_record` VALUES (3, 2, '', '2022-07-12 16:43:47', NULL, '2022-07-12', 0, '192.168.150.1');
INSERT INTO `login_record` VALUES (4, 2, '', '2022-07-12 16:48:21', NULL, '2022-07-12', 0, '192.168.150.1');
INSERT INTO `login_record` VALUES (5, 2, '', '2022-07-12 18:01:46', NULL, '2022-07-12', 0, '192.168.150.1');
INSERT INTO `login_record` VALUES (6, 2, '', '2022-07-13 12:35:29', NULL, '2022-07-13', 0, '0:0:0:0:0:0:0:1');
INSERT INTO `login_record` VALUES (7, 2, '', '2022-07-14 11:06:59', NULL, '2022-07-14', 0, '192.168.150.1');
INSERT INTO `login_record` VALUES (8, 2, '', '2022-07-14 11:08:47', NULL, '2022-07-14', 0, '192.168.150.1');
INSERT INTO `login_record` VALUES (9, 2, '', '2022-07-14 11:13:44', NULL, '2022-07-14', 0, '192.168.150.1');
INSERT INTO `login_record` VALUES (10, 1, '', '2022-07-14 11:16:02', NULL, '2022-07-14', 0, '192.168.150.1');
INSERT INTO `login_record` VALUES (11, 2, '', '2022-07-14 11:58:38', NULL, '2022-07-14', 0, '192.168.150.1');
INSERT INTO `login_record` VALUES (12, 2, '', '2022-07-14 11:58:50', NULL, '2022-07-14', 0, '192.168.150.1');
INSERT INTO `login_record` VALUES (13, 2, '', '2022-07-14 11:58:53', NULL, '2022-07-14', 0, '192.168.150.1');
INSERT INTO `login_record` VALUES (14, 2, '', '2022-07-14 11:58:55', NULL, '2022-07-14', 0, '192.168.150.1');
INSERT INTO `login_record` VALUES (15, 2, '', '2022-07-14 11:58:57', NULL, '2022-07-14', 0, '192.168.150.1');
INSERT INTO `login_record` VALUES (16, 2, '', '2022-07-14 11:59:15', NULL, '2022-07-14', 0, '192.168.150.1');
INSERT INTO `login_record` VALUES (17, 2, '', '2022-07-14 11:59:16', NULL, '2022-07-14', 0, '192.168.150.1');
INSERT INTO `login_record` VALUES (18, 2, '', '2022-07-14 11:59:17', NULL, '2022-07-14', 0, '192.168.150.1');
INSERT INTO `login_record` VALUES (19, 2, '', '2022-07-14 11:59:18', NULL, '2022-07-14', 0, '192.168.150.1');
INSERT INTO `login_record` VALUES (20, 2, '', '2022-07-14 11:59:20', NULL, '2022-07-14', 0, '192.168.150.1');
INSERT INTO `login_record` VALUES (21, 2, '', '2022-07-14 11:59:29', NULL, '2022-07-14', 0, '192.168.150.1');
INSERT INTO `login_record` VALUES (22, 2, '', '2022-07-14 12:05:37', NULL, '2022-07-14', 0, '192.168.150.1');
INSERT INTO `login_record` VALUES (23, 2, '', '2022-07-14 15:16:56', NULL, '2022-07-14', 0, '192.168.150.1');
INSERT INTO `login_record` VALUES (24, 2, '', '2022-07-14 15:17:06', NULL, '2022-07-14', 0, '192.168.150.1');
INSERT INTO `login_record` VALUES (25, 2, '', '2022-07-14 15:31:09', NULL, '2022-07-14', 0, '192.168.150.1');
INSERT INTO `login_record` VALUES (26, 2, '', '2022-07-14 15:31:18', NULL, '2022-07-14', 0, '192.168.150.1');
INSERT INTO `login_record` VALUES (27, 2, '', '2022-07-14 15:31:19', NULL, '2022-07-14', 0, '192.168.150.1');
INSERT INTO `login_record` VALUES (28, 2, '', '2022-07-14 15:31:20', NULL, '2022-07-14', 0, '192.168.150.1');
INSERT INTO `login_record` VALUES (29, 2, '', '2022-07-14 15:31:21', NULL, '2022-07-14', 0, '192.168.150.1');
INSERT INTO `login_record` VALUES (30, 2, '', '2022-07-14 15:31:23', NULL, '2022-07-14', 0, '192.168.150.1');
INSERT INTO `login_record` VALUES (31, 1, '', '2022-07-14 15:31:55', NULL, '2022-07-14', 0, '192.168.150.1');
INSERT INTO `login_record` VALUES (32, 1, '', '2022-07-18 12:15:18', NULL, '2022-07-18', 0, '192.168.150.1');
INSERT INTO `login_record` VALUES (33, 2, '', '2022-07-18 16:29:16', NULL, '2022-07-18', 0, '192.168.150.1');
INSERT INTO `login_record` VALUES (34, 2, '', '2022-07-18 16:30:44', NULL, '2022-07-18', 0, '192.168.150.1');
INSERT INTO `login_record` VALUES (35, 1548941336596471809, '', '2022-07-19 10:59:13', NULL, '2022-07-19', 0, '192.168.150.1');
INSERT INTO `login_record` VALUES (36, 2, '', '2022-07-19 10:59:59', NULL, '2022-07-19', 0, '192.168.150.1');
INSERT INTO `login_record` VALUES (37, 2, '', '2022-07-19 11:59:23', NULL, '2022-07-19', 0, '192.168.150.1');
INSERT INTO `login_record` VALUES (38, 1, '', '2022-07-20 15:34:11', NULL, '2022-07-20', 0, '172.17.2.134');
INSERT INTO `login_record` VALUES (39, 1, '', '2022-07-20 15:41:42', NULL, '2022-07-20', 0, '172.17.2.134');
INSERT INTO `login_record` VALUES (40, 2, '', '2022-07-20 15:42:20', NULL, '2022-07-20', 0, '172.17.2.134');
INSERT INTO `login_record` VALUES (41, 1, '', '2022-07-20 15:44:24', NULL, '2022-07-20', 0, '172.17.2.134');
INSERT INTO `login_record` VALUES (42, 1, '', '2022-07-20 15:44:46', NULL, '2022-07-20', 0, '172.17.2.134');
INSERT INTO `login_record` VALUES (43, 1, '', '2022-07-20 15:50:35', NULL, '2022-07-20', 0, '172.17.2.134');
INSERT INTO `login_record` VALUES (44, 1, '', '2022-07-20 15:50:40', NULL, '2022-07-20', 0, '172.17.2.134');
INSERT INTO `login_record` VALUES (45, 1, '', '2022-07-20 15:50:59', NULL, '2022-07-20', 0, '172.17.2.134');
INSERT INTO `login_record` VALUES (46, 1, '', '2022-07-20 15:51:00', NULL, '2022-07-20', 0, '172.17.2.134');
INSERT INTO `login_record` VALUES (47, 1, '', '2022-07-20 15:51:03', NULL, '2022-07-20', 0, '172.17.2.134');
INSERT INTO `login_record` VALUES (48, 1, '', '2022-07-20 15:52:04', NULL, '2022-07-20', 0, '172.17.2.134');
INSERT INTO `login_record` VALUES (49, 1, '', '2022-07-20 15:55:30', NULL, '2022-07-20', 0, '172.17.2.134');
INSERT INTO `login_record` VALUES (50, 1, '', '2022-07-20 15:56:27', NULL, '2022-07-20', 0, '172.17.2.134');
INSERT INTO `login_record` VALUES (51, 1, '', '2022-07-20 15:56:28', NULL, '2022-07-20', 0, '172.17.2.134');
INSERT INTO `login_record` VALUES (52, 1, '', '2022-07-20 15:57:31', NULL, '2022-07-20', 0, '172.17.2.134');
INSERT INTO `login_record` VALUES (53, 1, '', '2022-07-20 16:00:24', NULL, '2022-07-20', 0, '172.17.2.134');
INSERT INTO `login_record` VALUES (54, 1, '', '2022-07-20 16:02:28', NULL, '2022-07-20', 0, '172.17.2.134');
INSERT INTO `login_record` VALUES (55, 1, '', '2022-07-20 16:03:44', NULL, '2022-07-20', 0, '172.17.2.134');
INSERT INTO `login_record` VALUES (56, 1, '', '2022-07-20 16:04:22', NULL, '2022-07-20', 0, '172.17.2.134');
INSERT INTO `login_record` VALUES (57, 1, '', '2022-07-20 16:12:26', NULL, '2022-07-20', 0, '172.16.1.3');
INSERT INTO `login_record` VALUES (58, 1, '', '2022-07-20 16:12:39', NULL, '2022-07-20', 0, '172.16.1.3');
INSERT INTO `login_record` VALUES (59, 1, '', '2022-07-20 16:12:56', NULL, '2022-07-20', 0, '172.16.1.3');
INSERT INTO `login_record` VALUES (60, 1, '', '2022-07-20 16:22:35', NULL, '2022-07-20', 0, '192.168.150.1');
INSERT INTO `login_record` VALUES (61, 2, '', '2022-07-20 16:53:43', NULL, '2022-07-20', 0, '172.17.2.134');
INSERT INTO `login_record` VALUES (62, 2, '', '2022-07-20 16:53:48', NULL, '2022-07-20', 0, '172.17.2.134');
INSERT INTO `login_record` VALUES (63, 2, '', '2022-07-20 16:53:51', NULL, '2022-07-20', 0, '172.17.2.134');
INSERT INTO `login_record` VALUES (64, 2, '', '2022-07-20 16:54:13', NULL, '2022-07-20', 0, '172.17.2.134');
INSERT INTO `login_record` VALUES (65, 1, '', '2022-07-26 16:22:56', NULL, '2022-07-26', 0, '172.16.17.246');
INSERT INTO `login_record` VALUES (66, 1, '', '2022-07-26 16:36:25', NULL, '2022-07-26', 0, '172.16.17.246');
INSERT INTO `login_record` VALUES (67, 1, '', '2022-07-26 17:03:07', NULL, '2022-07-26', 0, '172.16.17.246');
INSERT INTO `login_record` VALUES (68, 1553265440045744129, '', '2022-07-30 14:25:49', NULL, '2022-07-30', 0, '172.17.2.129');
INSERT INTO `login_record` VALUES (69, 2, NULL, '2022-08-24 21:22:15', NULL, '2022-08-24', 0, '192.168.150.1');
INSERT INTO `login_record` VALUES (70, 2, NULL, '2022-08-27 15:47:51', NULL, '2022-08-27', 0, '192.168.150.1');
INSERT INTO `login_record` VALUES (71, 1, NULL, '2022-09-03 09:40:29', NULL, '2022-09-03', 0, '192.168.150.1');
INSERT INTO `login_record` VALUES (72, 1, NULL, '2022-09-03 09:41:20', NULL, '2022-09-03', 0, '192.168.150.1');
INSERT INTO `login_record` VALUES (73, 1, NULL, '2022-09-03 09:45:21', NULL, '2022-09-03', 0, '192.168.150.1');
INSERT INTO `login_record` VALUES (74, 1, NULL, '2022-09-03 09:47:18', NULL, '2022-09-03', 0, '192.168.150.1');
INSERT INTO `login_record` VALUES (75, 2, NULL, '2022-09-05 09:16:55', NULL, '2022-09-05', 0, '192.168.150.1');
INSERT INTO `login_record` VALUES (76, 1, NULL, '2022-09-05 19:54:55', NULL, '2022-09-05', 0, '192.168.150.1');
INSERT INTO `login_record` VALUES (77, 2, NULL, '2022-09-05 20:42:23', NULL, '2022-09-05', 0, '192.168.150.1');
INSERT INTO `login_record` VALUES (78, 1, NULL, '2022-09-23 22:01:40', NULL, '2022-09-23', 0, '172.18.0.1');
INSERT INTO `login_record` VALUES (79, 1, NULL, '2022-09-26 09:25:18', NULL, '2022-09-26', 0, '192.168.150.1');
INSERT INTO `login_record` VALUES (80, 1, NULL, '2022-09-26 09:40:34', NULL, '2022-09-26', 0, '192.168.150.1');
INSERT INTO `login_record` VALUES (81, 1, NULL, '2022-09-26 09:42:15', NULL, '2022-09-26', 0, '192.168.150.1');
INSERT INTO `login_record` VALUES (82, 1, NULL, '2022-09-26 09:45:30', NULL, '2022-09-26', 0, '192.168.150.1');
INSERT INTO `login_record` VALUES (83, 1, NULL, '2022-09-26 09:47:13', NULL, '2022-09-26', 0, '192.168.150.1');
INSERT INTO `login_record` VALUES (84, 1, NULL, '2022-09-27 15:40:50', NULL, '2022-09-27', 0, '192.168.150.1');
INSERT INTO `login_record` VALUES (85, 1, NULL, '2022-09-27 15:42:48', NULL, '2022-09-27', 0, '192.168.150.1');
INSERT INTO `login_record` VALUES (86, 1, NULL, '2022-09-27 16:13:10', NULL, '2022-09-27', 0, '192.168.150.1');
INSERT INTO `login_record` VALUES (87, 1, NULL, '2022-09-27 21:06:46', NULL, '2022-09-27', 0, '192.168.150.1');
INSERT INTO `login_record` VALUES (88, 1, NULL, '2022-09-27 21:06:55', NULL, '2022-09-27', 0, '192.168.150.1');
INSERT INTO `login_record` VALUES (89, 1, NULL, '2022-09-27 21:08:18', NULL, '2022-09-27', 0, '192.168.150.1');
INSERT INTO `login_record` VALUES (90, 1, NULL, '2022-09-27 21:10:07', NULL, '2022-09-27', 0, '192.168.150.1');
INSERT INTO `login_record` VALUES (91, 1, NULL, '2022-09-27 21:10:20', NULL, '2022-09-27', 0, '192.168.150.1');
INSERT INTO `login_record` VALUES (92, 1, NULL, '2022-09-27 21:10:58', NULL, '2022-09-27', 0, '192.168.150.1');
INSERT INTO `login_record` VALUES (93, 1, NULL, '2022-09-27 21:12:09', NULL, '2022-09-27', 0, '192.168.150.1');
INSERT INTO `login_record` VALUES (94, 1, NULL, '2022-09-27 21:12:13', NULL, '2022-09-27', 0, '192.168.150.1');
INSERT INTO `login_record` VALUES (95, 1, NULL, '2022-09-27 21:12:33', NULL, '2022-09-27', 0, '192.168.150.1');
INSERT INTO `login_record` VALUES (96, 1, NULL, '2022-09-27 21:12:55', NULL, '2022-09-27', 0, '192.168.150.1');
INSERT INTO `login_record` VALUES (97, 1, NULL, '2022-09-27 21:14:03', NULL, '2022-09-27', 0, '192.168.150.1');
INSERT INTO `login_record` VALUES (98, 1, NULL, '2022-09-27 21:14:07', NULL, '2022-09-27', 0, '192.168.150.1');
INSERT INTO `login_record` VALUES (99, 1, NULL, '2022-09-27 21:15:49', NULL, '2022-09-27', 0, '192.168.150.1');
INSERT INTO `login_record` VALUES (100, 1, NULL, '2022-09-27 21:15:53', NULL, '2022-09-27', 0, '192.168.150.1');
INSERT INTO `login_record` VALUES (101, 1, NULL, '2022-09-27 21:16:17', NULL, '2022-09-27', 0, '192.168.150.1');
INSERT INTO `login_record` VALUES (102, 1, NULL, '2022-09-27 21:22:51', NULL, '2022-09-27', 0, '192.168.150.1');
INSERT INTO `login_record` VALUES (103, 1, NULL, '2022-09-27 21:23:34', NULL, '2022-09-27', 0, '192.168.150.1');
INSERT INTO `login_record` VALUES (104, 1, NULL, '2022-09-27 21:26:14', NULL, '2022-09-27', 0, '192.168.150.1');
INSERT INTO `login_record` VALUES (105, 1, NULL, '2022-09-27 21:26:40', NULL, '2022-09-27', 0, '192.168.150.1');
INSERT INTO `login_record` VALUES (106, 1, NULL, '2022-09-27 21:27:38', NULL, '2022-09-27', 0, '192.168.150.1');
INSERT INTO `login_record` VALUES (107, 1, NULL, '2022-09-27 21:28:04', NULL, '2022-09-27', 0, '192.168.150.1');
INSERT INTO `login_record` VALUES (108, 1, NULL, '2022-09-27 21:30:38', NULL, '2022-09-27', 0, '192.168.150.1');
INSERT INTO `login_record` VALUES (109, 1, NULL, '2022-09-27 21:32:43', NULL, '2022-09-27', 0, '192.168.150.1');
INSERT INTO `login_record` VALUES (110, 1, NULL, '2022-09-27 21:45:21', NULL, '2022-09-27', 0, '192.168.150.1');
INSERT INTO `login_record` VALUES (111, 1, NULL, '2022-09-27 21:52:08', NULL, '2022-09-27', 0, '192.168.150.1');
INSERT INTO `login_record` VALUES (112, 1, NULL, '2022-09-27 21:52:18', NULL, '2022-09-27', 0, '192.168.150.1');
INSERT INTO `login_record` VALUES (113, 1, NULL, '2022-09-28 11:04:16', NULL, '2022-09-28', 0, '192.168.150.1');
INSERT INTO `login_record` VALUES (114, 1, NULL, '2022-09-28 11:14:29', NULL, '2022-09-28', 0, '172.18.0.1');
INSERT INTO `login_record` VALUES (115, 1, NULL, '2022-09-28 11:17:00', NULL, '2022-09-28', 0, '192.168.150.101');
INSERT INTO `login_record` VALUES (116, 1, NULL, '2022-09-28 11:20:44', NULL, '2022-09-28', 0, '192.168.150.1');
INSERT INTO `login_record` VALUES (117, 1, NULL, '2022-09-28 11:34:56', NULL, '2022-09-28', 0, '192.168.150.101');
INSERT INTO `login_record` VALUES (118, 1, NULL, '2022-09-28 15:33:41', NULL, '2022-09-28', 0, '192.168.150.101');
INSERT INTO `login_record` VALUES (119, 1, NULL, '2022-09-28 16:58:00', NULL, '2022-09-28', 0, '172.18.0.1');
INSERT INTO `login_record` VALUES (120, 1, NULL, '2022-09-28 16:59:41', NULL, '2022-09-28', 0, '192.168.150.101');
INSERT INTO `login_record` VALUES (121, 1, NULL, '2022-09-28 17:01:16', NULL, '2022-09-28', 0, '192.168.150.101');
INSERT INTO `login_record` VALUES (122, 1, NULL, '2022-09-28 17:06:31', NULL, '2022-09-28', 0, '192.168.150.101');
INSERT INTO `login_record` VALUES (123, 1, NULL, '2022-09-28 17:51:33', NULL, '2022-09-28', 0, '192.168.150.101');
INSERT INTO `login_record` VALUES (124, 1, NULL, '2022-09-28 18:04:17', NULL, '2022-09-28', 0, '192.168.150.101');
INSERT INTO `login_record` VALUES (125, 1, NULL, '2022-09-28 18:07:39', NULL, '2022-09-28', 0, '192.168.150.101');
INSERT INTO `login_record` VALUES (126, 1, NULL, '2022-09-28 18:08:44', NULL, '2022-09-28', 0, '192.168.150.101');
INSERT INTO `login_record` VALUES (127, 1, NULL, '2022-09-28 18:36:20', NULL, '2022-09-28', 0, '192.168.150.101');
INSERT INTO `login_record` VALUES (128, 1, NULL, '2022-09-28 19:17:05', NULL, '2022-09-28', 0, '192.168.150.101');
INSERT INTO `login_record` VALUES (129, 1, NULL, '2022-09-28 19:20:06', NULL, '2022-09-28', 0, '192.168.150.101');
INSERT INTO `login_record` VALUES (130, 1, NULL, '2022-09-28 19:22:09', NULL, '2022-09-28', 0, '192.168.150.101');
INSERT INTO `login_record` VALUES (131, 1, NULL, '2022-09-28 19:51:07', NULL, '2022-09-28', 0, '192.168.150.101');
INSERT INTO `login_record` VALUES (132, 1, NULL, '2022-09-28 19:51:54', NULL, '2022-09-28', 0, '192.168.150.101');
INSERT INTO `login_record` VALUES (133, 1, NULL, '2022-09-28 19:59:06', NULL, '2022-09-28', 0, '192.168.150.101');
INSERT INTO `login_record` VALUES (134, 1, NULL, '2022-09-28 20:00:53', NULL, '2022-09-28', 0, '192.168.150.101');
INSERT INTO `login_record` VALUES (135, 1, NULL, '2022-09-28 20:03:00', NULL, '2022-09-28', 0, '192.168.150.101');
INSERT INTO `login_record` VALUES (136, 1, NULL, '2022-09-28 20:03:49', NULL, '2022-09-28', 0, '192.168.150.101');
INSERT INTO `login_record` VALUES (137, 1, NULL, '2022-09-28 20:05:35', NULL, '2022-09-28', 0, '192.168.150.101');
INSERT INTO `login_record` VALUES (138, 1, NULL, '2022-09-28 20:06:12', NULL, '2022-09-28', 0, '192.168.150.101');
INSERT INTO `login_record` VALUES (139, 1, NULL, '2022-09-28 20:07:37', NULL, '2022-09-28', 0, '192.168.150.101');
INSERT INTO `login_record` VALUES (140, 1, NULL, '2022-09-28 20:11:31', NULL, '2022-09-28', 0, '192.168.150.101');
INSERT INTO `login_record` VALUES (141, 1, NULL, '2022-09-28 20:12:39', NULL, '2022-09-28', 0, '192.168.150.101');
INSERT INTO `login_record` VALUES (142, 1, NULL, '2022-09-28 20:14:23', NULL, '2022-09-28', 0, '192.168.150.101');
INSERT INTO `login_record` VALUES (143, 1, NULL, '2022-09-29 09:23:40', NULL, '2022-09-29', 0, '172.18.0.1');
INSERT INTO `login_record` VALUES (144, 1, NULL, '2022-09-29 09:26:17', NULL, '2022-09-29', 0, '192.168.150.101');
INSERT INTO `login_record` VALUES (145, 1, NULL, '2022-09-29 09:42:34', NULL, '2022-09-29', 0, '192.168.150.1');
INSERT INTO `login_record` VALUES (146, 1, NULL, '2022-09-29 10:50:23', NULL, '2022-09-29', 0, '192.168.150.1');
INSERT INTO `login_record` VALUES (147, 1, NULL, '2022-09-29 11:56:09', NULL, '2022-09-29', 0, '192.168.150.1');
INSERT INTO `login_record` VALUES (148, 1, NULL, '2022-09-29 15:18:24', NULL, '2022-09-29', 0, '192.168.150.1');
INSERT INTO `login_record` VALUES (149, 1, NULL, '2022-09-29 15:57:13', NULL, '2022-09-29', 0, '192.168.150.1');
INSERT INTO `login_record` VALUES (150, 1, NULL, '2022-09-29 19:54:36', NULL, '2022-09-29', 0, '192.168.150.1');
INSERT INTO `login_record` VALUES (151, 1, NULL, '2022-09-29 19:56:22', NULL, '2022-09-29', 0, '192.168.150.1');
INSERT INTO `login_record` VALUES (152, 1, NULL, '2022-09-29 21:06:32', NULL, '2022-09-29', 0, '192.168.150.1');
INSERT INTO `login_record` VALUES (153, 1, NULL, '2022-09-29 21:12:02', NULL, '2022-09-29', 0, '192.168.150.1');
INSERT INTO `login_record` VALUES (154, 1, NULL, '2022-09-29 21:35:20', NULL, '2022-09-29', 0, '192.168.150.1');
INSERT INTO `login_record` VALUES (155, 1, NULL, '2022-09-29 21:41:50', NULL, '2022-09-29', 0, '192.168.150.1');
INSERT INTO `login_record` VALUES (156, 1, NULL, '2022-09-29 22:46:53', NULL, '2022-09-29', 0, '192.168.150.1');
INSERT INTO `login_record` VALUES (157, 1, NULL, '2022-09-29 22:55:12', NULL, '2022-09-29', 0, '192.168.150.1');
INSERT INTO `login_record` VALUES (158, 1, NULL, '2022-09-29 22:56:14', NULL, '2022-09-29', 0, '192.168.150.1');
INSERT INTO `login_record` VALUES (159, 1, NULL, '2022-09-29 22:57:44', NULL, '2022-09-29', 0, '192.168.150.1');
INSERT INTO `login_record` VALUES (160, 1, NULL, '2022-09-29 23:00:28', NULL, '2022-09-29', 0, '192.168.150.1');
INSERT INTO `login_record` VALUES (161, 1, NULL, '2022-09-29 23:01:37', NULL, '2022-09-29', 0, '192.168.150.1');
INSERT INTO `login_record` VALUES (162, 1, NULL, '2022-10-02 11:27:41', NULL, '2022-10-02', 0, '192.168.150.1');
INSERT INTO `login_record` VALUES (163, 2, NULL, '2022-10-02 11:51:24', NULL, '2022-10-02', 0, '192.168.150.1');
INSERT INTO `login_record` VALUES (164, 2, NULL, '2022-10-02 11:54:25', NULL, '2022-10-02', 0, '192.168.150.1');
INSERT INTO `login_record` VALUES (165, 2, NULL, '2022-10-02 11:55:42', NULL, '2022-10-02', 0, '192.168.150.1');
INSERT INTO `login_record` VALUES (166, 2, NULL, '2022-10-02 16:44:04', NULL, '2022-10-02', 0, '192.168.150.1');
INSERT INTO `login_record` VALUES (167, 2, NULL, '2022-10-02 17:34:09', NULL, '2022-10-02', 0, '192.168.150.1');
INSERT INTO `login_record` VALUES (168, 2, NULL, '2022-10-02 18:38:43', NULL, '2022-10-02', 0, '192.168.150.1');
INSERT INTO `login_record` VALUES (169, 2, NULL, '2022-10-06 12:38:10', NULL, '2022-10-06', 0, '192.168.150.1');
INSERT INTO `login_record` VALUES (170, 2, NULL, '2022-10-06 12:52:16', NULL, '2022-10-06', 0, '192.168.150.1');
INSERT INTO `login_record` VALUES (171, 2, NULL, '2022-10-06 12:53:25', NULL, '2022-10-06', 0, '192.168.150.1');
INSERT INTO `login_record` VALUES (172, 2, NULL, '2022-10-06 12:53:47', NULL, '2022-10-06', 0, '192.168.150.1');
INSERT INTO `login_record` VALUES (173, 2, NULL, '2022-10-06 12:54:32', NULL, '2022-10-06', 0, '192.168.150.1');
INSERT INTO `login_record` VALUES (174, 2, NULL, '2022-10-06 12:57:18', NULL, '2022-10-06', 0, '192.168.150.1');
INSERT INTO `login_record` VALUES (175, 2, NULL, '2022-10-06 16:14:24', NULL, '2022-10-06', 0, '192.168.150.1');
INSERT INTO `login_record` VALUES (176, 2, NULL, '2022-10-06 16:57:30', NULL, '2022-10-06', 0, '192.168.150.1');
INSERT INTO `login_record` VALUES (177, 2, NULL, '2022-10-08 09:21:24', NULL, '2022-10-08', 0, '192.168.150.1');
INSERT INTO `login_record` VALUES (178, 2, NULL, '2022-10-08 17:54:19', NULL, '2022-10-08', 0, '192.168.150.1');
INSERT INTO `login_record` VALUES (179, 2, NULL, '2022-10-20 11:08:44', NULL, '2022-10-20', 0, '192.168.150.1');
INSERT INTO `login_record` VALUES (180, 2, NULL, '2022-10-20 11:10:33', NULL, '2022-10-20', 0, '192.168.150.1');
INSERT INTO `login_record` VALUES (181, 1, NULL, '2022-10-26 10:11:25', NULL, '2022-10-26', 0, '192.168.150.1');
INSERT INTO `login_record` VALUES (182, 5, NULL, '2022-10-26 10:16:32', NULL, '2022-10-26', 0, '192.168.150.1');
INSERT INTO `login_record` VALUES (183, 2, NULL, '2022-10-26 14:59:10', NULL, '2022-10-26', 0, '192.168.150.1');
INSERT INTO `login_record` VALUES (184, 5, NULL, '2022-10-27 16:54:08', NULL, '2022-10-27', 0, '192.168.150.1');
INSERT INTO `login_record` VALUES (185, 1, '13500010002', '2022-11-02 20:49:52', NULL, '2022-11-02', 0, '192.168.150.1');
INSERT INTO `login_record` VALUES (186, 1, '13500010002', '2022-11-02 20:53:32', NULL, '2022-11-02', 0, '192.168.150.1');
INSERT INTO `login_record` VALUES (187, 1, '13500010002', '2022-11-02 21:15:17', NULL, '2022-11-02', 0, '192.168.150.1');
INSERT INTO `login_record` VALUES (188, 1, '13500010002', '2022-11-02 21:23:20', NULL, '2022-11-02', 0, '192.168.150.1');
INSERT INTO `login_record` VALUES (189, 1, '13500010002', '2022-11-02 21:42:58', NULL, '2022-11-02', 0, '192.168.150.1');
INSERT INTO `login_record` VALUES (190, 1, '13500010002', '2022-11-02 21:47:47', NULL, '2022-11-02', 0, '192.168.150.1');
INSERT INTO `login_record` VALUES (191, 1, '13500010002', '2022-11-02 21:49:01', NULL, '2022-11-02', 0, '192.168.150.1');
INSERT INTO `login_record` VALUES (192, 1, '13500010002', '2022-11-02 21:50:01', NULL, '2022-11-02', 0, '192.168.150.1');
INSERT INTO `login_record` VALUES (193, 1, '13500010002', '2022-11-02 21:52:08', NULL, '2022-11-02', 0, '192.168.150.1');
INSERT INTO `login_record` VALUES (194, 1, '13500010002', '2022-11-03 09:57:09', NULL, '2022-11-03', 0, '192.168.150.1');
INSERT INTO `login_record` VALUES (195, 1, '13500010002', '2022-11-03 15:46:10', NULL, '2022-11-03', 0, '192.168.150.1');
INSERT INTO `login_record` VALUES (196, 1, '13500010002', '2022-11-03 17:04:43', NULL, '2022-11-03', 0, '192.168.150.1');
INSERT INTO `login_record` VALUES (197, 2, NULL, '2022-11-03 17:44:30', NULL, '2022-11-03', 0, '192.168.150.1');
INSERT INTO `login_record` VALUES (198, 1, '13500010002', '2022-11-03 18:59:52', NULL, '2022-11-03', 0, '192.168.150.1');
INSERT INTO `login_record` VALUES (199, 1, '13500010002', '2022-11-03 20:19:51', NULL, '2022-11-03', 0, '192.168.150.1');
INSERT INTO `login_record` VALUES (200, 2, NULL, '2022-11-03 21:12:54', NULL, '2022-11-03', 0, '192.168.150.1');
INSERT INTO `login_record` VALUES (201, 1, '13500010002', '2022-11-06 16:50:22', NULL, '2022-11-06', 0, '172.18.0.1');
INSERT INTO `login_record` VALUES (202, 1, '13500010002', '2022-11-06 17:20:26', NULL, '2022-11-06', 0, '172.18.0.1');
INSERT INTO `login_record` VALUES (203, 1, '13500010002', '2022-11-06 18:18:56', NULL, '2022-11-06', 0, '172.18.0.1');
INSERT INTO `login_record` VALUES (204, 1, '13500010002', '2022-11-06 18:19:01', NULL, '2022-11-06', 0, '172.18.0.1');
INSERT INTO `login_record` VALUES (205, 1, '13500010002', '2022-11-06 18:46:20', NULL, '2022-11-06', 0, '172.18.0.1');
INSERT INTO `login_record` VALUES (206, 1, '13500010002', '2022-11-06 18:51:38', NULL, '2022-11-06', 0, '172.18.0.1');
INSERT INTO `login_record` VALUES (207, 2, NULL, '2022-11-06 21:16:14', NULL, '2022-11-06', 0, '172.18.0.1');
INSERT INTO `login_record` VALUES (208, 2, NULL, '2022-11-06 21:27:24', NULL, '2022-11-06', 0, '172.18.0.1');
INSERT INTO `login_record` VALUES (209, 2, NULL, '2022-11-06 22:19:51', NULL, '2022-11-06', 0, '172.18.0.1');
INSERT INTO `login_record` VALUES (210, 2, NULL, '2022-11-07 09:10:53', NULL, '2022-11-07', 0, '172.18.0.1');
INSERT INTO `login_record` VALUES (211, 1, '13500010002', '2022-11-07 09:10:56', NULL, '2022-11-07', 0, '172.18.0.1');
INSERT INTO `login_record` VALUES (212, 1, '13500010002', '2022-11-08 15:28:12', NULL, '2022-11-08', 0, '172.18.0.1');
INSERT INTO `login_record` VALUES (213, 2, NULL, '2022-11-08 15:28:17', NULL, '2022-11-08', 0, '172.18.0.1');
INSERT INTO `login_record` VALUES (214, 1, '13500010002', '2022-11-08 15:59:05', NULL, '2022-11-08', 0, '172.18.0.1');
INSERT INTO `login_record` VALUES (215, 1, '13500010002', '2022-11-08 16:04:53', NULL, '2022-11-08', 0, '172.18.0.1');
INSERT INTO `login_record` VALUES (216, 1, '13500010002', '2022-11-08 16:12:28', NULL, '2022-11-08', 0, '172.18.0.1');
INSERT INTO `login_record` VALUES (217, 1, '13500010002', '2022-11-08 16:23:22', NULL, '2022-11-08', 0, '172.18.0.1');
INSERT INTO `login_record` VALUES (218, 1, '13500010002', '2022-11-08 16:28:58', NULL, '2022-11-08', 0, '172.18.0.1');
INSERT INTO `login_record` VALUES (219, 1, '13500010002', '2022-11-08 16:44:56', NULL, '2022-11-08', 0, '172.18.0.1');
INSERT INTO `login_record` VALUES (220, 1, '13500010002', '2022-11-08 16:51:22', NULL, '2022-11-08', 0, '172.18.0.1');
INSERT INTO `login_record` VALUES (221, 1, '13500010002', '2022-11-08 16:56:31', NULL, '2022-11-08', 0, '172.18.0.1');
INSERT INTO `login_record` VALUES (222, 1, '13500010002', '2022-11-08 17:01:49', NULL, '2022-11-08', 0, '172.18.0.1');
INSERT INTO `login_record` VALUES (223, 2, NULL, '2022-11-08 17:09:49', NULL, '2022-11-08', 0, '172.18.0.1');
INSERT INTO `login_record` VALUES (224, 5, NULL, '2022-11-08 18:16:18', NULL, '2022-11-08', 0, '172.18.0.1');
INSERT INTO `login_record` VALUES (225, 5, NULL, '2022-11-08 18:22:09', NULL, '2022-11-08', 0, '172.18.0.1');
INSERT INTO `login_record` VALUES (226, 5, NULL, '2022-11-08 18:30:11', NULL, '2022-11-08', 0, '172.18.0.1');
INSERT INTO `login_record` VALUES (227, 5, NULL, '2022-11-08 18:35:48', NULL, '2022-11-08', 0, '172.18.0.1');
INSERT INTO `login_record` VALUES (228, 1, '13500010002', '2022-11-09 16:31:01', NULL, '2022-11-09', 0, '172.18.0.1');
INSERT INTO `login_record` VALUES (229, 5, NULL, '2022-11-09 16:32:03', NULL, '2022-11-09', 0, '172.18.0.1');
INSERT INTO `login_record` VALUES (230, 1, '13500010002', '2022-11-10 09:45:17', NULL, '2022-11-10', 0, '172.18.0.1');
INSERT INTO `login_record` VALUES (231, 1, '13500010002', '2022-11-10 09:45:18', NULL, '2022-11-10', 0, '172.18.0.1');
INSERT INTO `login_record` VALUES (232, 1, '13500010002', '2022-11-10 10:50:09', NULL, '2022-11-10', 0, '172.18.0.1');
INSERT INTO `login_record` VALUES (233, 1, '13500010002', '2022-11-10 11:30:22', NULL, '2022-11-10', 0, '172.18.0.1');
INSERT INTO `login_record` VALUES (234, 1, '13500010002', '2022-11-11 16:51:38', NULL, '2022-11-11', 0, '172.18.0.1');
INSERT INTO `login_record` VALUES (235, 1, '13500010002', '2022-11-11 16:51:39', NULL, '2022-11-11', 0, '172.18.0.1');
INSERT INTO `login_record` VALUES (236, 2, NULL, '2022-11-21 20:47:28', NULL, '2022-11-21', 0, '172.18.0.1');
INSERT INTO `login_record` VALUES (237, 2, NULL, '2022-11-21 20:55:15', NULL, '2022-11-21', 0, '172.18.0.1');
INSERT INTO `login_record` VALUES (238, 2, NULL, '2022-11-22 18:08:32', NULL, '2022-11-22', 0, '0:0:0:0:0:0:0:1');
INSERT INTO `login_record` VALUES (239, 2, NULL, '2022-11-22 18:09:16', NULL, '2022-11-22', 0, '0:0:0:0:0:0:0:1');
INSERT INTO `login_record` VALUES (240, 2, NULL, '2022-11-22 23:00:06', NULL, '2022-11-22', 0, '0:0:0:0:0:0:0:1');
INSERT INTO `login_record` VALUES (241, 2, NULL, '2022-11-22 23:48:51', NULL, '2022-11-22', 0, '0:0:0:0:0:0:0:1');
INSERT INTO `login_record` VALUES (242, 2, NULL, '2022-11-23 12:21:28', NULL, '2022-11-23', 0, '0:0:0:0:0:0:0:1');
INSERT INTO `login_record` VALUES (243, 2, NULL, '2022-11-23 12:25:44', NULL, '2022-11-23', 0, '0:0:0:0:0:0:0:1');
INSERT INTO `login_record` VALUES (244, 2, NULL, '2022-11-23 12:30:57', NULL, '2022-11-23', 0, '0:0:0:0:0:0:0:1');
INSERT INTO `login_record` VALUES (245, 2, NULL, '2022-11-23 12:34:47', NULL, '2022-11-23', 0, '0:0:0:0:0:0:0:1');
INSERT INTO `login_record` VALUES (246, 2, NULL, '2022-11-23 12:38:25', NULL, '2022-11-23', 0, '0:0:0:0:0:0:0:1');
INSERT INTO `login_record` VALUES (247, 2, NULL, '2022-11-23 12:38:28', NULL, '2022-11-23', 0, '0:0:0:0:0:0:0:1');
INSERT INTO `login_record` VALUES (248, 2, NULL, '2022-11-23 12:46:54', NULL, '2022-11-23', 0, '0:0:0:0:0:0:0:1');
INSERT INTO `login_record` VALUES (249, 2, NULL, '2022-11-23 16:58:00', NULL, '2022-11-23', 0, '0:0:0:0:0:0:0:1');
INSERT INTO `login_record` VALUES (250, 2, NULL, '2022-11-23 17:20:39', NULL, '2022-11-23', 0, '172.18.0.1');
INSERT INTO `login_record` VALUES (251, 2, NULL, '2022-11-23 17:56:31', NULL, '2022-11-23', 0, '172.18.0.1');
INSERT INTO `login_record` VALUES (252, 2, NULL, '2022-11-28 12:12:52', NULL, '2022-11-28', 0, '172.18.0.1');
INSERT INTO `login_record` VALUES (253, 2, NULL, '2022-11-29 15:45:39', NULL, '2022-11-29', 0, '172.18.0.1');
INSERT INTO `login_record` VALUES (254, 2, NULL, '2022-11-29 15:45:39', NULL, '2022-11-29', 0, '172.18.0.1');
INSERT INTO `login_record` VALUES (255, 2, NULL, '2022-11-29 15:46:12', NULL, '2022-11-29', 0, '172.18.0.1');
INSERT INTO `login_record` VALUES (256, 129, NULL, '2022-11-29 15:47:02', NULL, '2022-11-29', 0, '172.18.0.1');
INSERT INTO `login_record` VALUES (257, 129, NULL, '2022-11-29 17:09:15', NULL, '2022-11-29', 0, '172.18.0.1');
INSERT INTO `login_record` VALUES (258, 2, NULL, '2022-11-29 17:17:36', NULL, '2022-11-29', 0, '172.18.0.1');
INSERT INTO `login_record` VALUES (259, 129, NULL, '2022-11-29 17:17:45', NULL, '2022-11-29', 0, '172.18.0.1');
INSERT INTO `login_record` VALUES (260, 129, NULL, '2022-11-30 10:03:49', NULL, '2022-11-30', 0, '172.18.0.1');
INSERT INTO `login_record` VALUES (261, 129, NULL, '2022-12-05 14:40:55', NULL, '2022-12-05', 0, '172.18.0.1');
INSERT INTO `login_record` VALUES (262, 129, NULL, '2022-12-05 14:40:55', NULL, '2022-12-05', 0, '172.18.0.1');
INSERT INTO `login_record` VALUES (263, 129, NULL, '2022-12-05 14:40:55', NULL, '2022-12-05', 0, '172.18.0.1');
INSERT INTO `login_record` VALUES (264, 129, NULL, '2022-12-05 14:41:03', NULL, '2022-12-05', 0, '172.18.0.1');
INSERT INTO `login_record` VALUES (265, 2, NULL, '2022-12-05 14:41:16', NULL, '2022-12-05', 0, '172.18.0.1');
INSERT INTO `login_record` VALUES (266, 2, NULL, '2022-12-05 15:37:14', NULL, '2022-12-05', 0, '172.18.0.1');
INSERT INTO `login_record` VALUES (267, 129, NULL, '2022-12-05 22:33:39', NULL, '2022-12-05', 0, '172.18.0.1');
INSERT INTO `login_record` VALUES (268, 129, NULL, '2022-12-09 11:28:26', NULL, '2022-12-09', 0, '172.18.0.1');
INSERT INTO `login_record` VALUES (269, 129, NULL, '2022-12-09 11:28:28', NULL, '2022-12-09', 0, '172.18.0.1');
INSERT INTO `login_record` VALUES (270, 129, NULL, '2022-12-09 11:29:35', NULL, '2022-12-09', 0, '172.18.0.1');
INSERT INTO `login_record` VALUES (271, 2, NULL, '2022-12-09 11:45:51', NULL, '2022-12-09', 0, '172.18.0.1');
INSERT INTO `login_record` VALUES (272, 2, NULL, '2022-12-09 14:16:29', NULL, '2022-12-09', 0, '172.18.0.1');
INSERT INTO `login_record` VALUES (273, 2, NULL, '2022-12-10 15:08:50', NULL, '2022-12-10', 0, '172.18.0.1');
INSERT INTO `login_record` VALUES (274, 2, NULL, '2022-12-27 11:52:36', NULL, '2022-12-27', 0, '172.18.0.1');
INSERT INTO `login_record` VALUES (275, 2, NULL, '2023-01-26 10:26:59', NULL, '2023-01-26', 0, '172.18.0.1');
INSERT INTO `login_record` VALUES (276, 2, NULL, '2023-01-27 16:06:42', NULL, '2023-01-27', 0, '172.18.0.1');
INSERT INTO `login_record` VALUES (277, 2, NULL, '2023-01-27 16:18:25', NULL, '2023-01-27', 0, '172.18.0.1');
INSERT INTO `login_record` VALUES (278, 1, '13500010002', '2023-02-08 08:47:00', NULL, '2023-02-08', 0, '172.18.0.1');
INSERT INTO `login_record` VALUES (279, 2, NULL, '2023-02-14 09:50:33', NULL, '2023-02-14', 0, '172.18.0.1');
INSERT INTO `login_record` VALUES (280, 2, NULL, '2023-02-14 09:50:33', NULL, '2023-02-14', 0, '172.18.0.1');
INSERT INTO `login_record` VALUES (281, 2, NULL, '2023-02-14 09:50:34', NULL, '2023-02-14', 0, '172.18.0.1');
INSERT INTO `login_record` VALUES (282, 2, NULL, '2023-02-23 14:41:53', NULL, '2023-02-23', 0, '172.18.0.1');
INSERT INTO `login_record` VALUES (283, 1, '13500010002', '2023-02-27 11:06:38', NULL, '2023-02-27', 0, '172.18.0.1');
INSERT INTO `login_record` VALUES (284, 1, '13500010002', '2023-02-27 11:08:45', NULL, '2023-02-27', 0, '172.18.0.1');
INSERT INTO `login_record` VALUES (285, 1, '13500010002', '2023-02-27 11:56:33', NULL, '2023-02-27', 0, '172.18.0.1');
INSERT INTO `login_record` VALUES (286, 1, '13500010002', '2023-02-27 14:04:35', NULL, '2023-02-27', 0, '172.18.0.1');
INSERT INTO `login_record` VALUES (287, 1, '13500010002', '2023-02-27 16:00:59', NULL, '2023-02-27', 0, '172.18.0.1');
INSERT INTO `login_record` VALUES (288, 1, '13500010002', '2023-02-28 11:29:34', NULL, '2023-02-28', 0, '172.18.0.1');
INSERT INTO `login_record` VALUES (289, 1, '13500010002', '2023-02-28 21:38:44', NULL, '2023-02-28', 0, '172.18.0.1');
INSERT INTO `login_record` VALUES (290, 1, '13500010002', '2023-02-28 22:32:40', NULL, '2023-02-28', 0, '172.18.0.1');
INSERT INTO `login_record` VALUES (291, 2, NULL, '2023-02-28 23:17:16', NULL, '2023-02-28', 0, '172.18.0.1');
INSERT INTO `login_record` VALUES (292, 1, '13500010002', '2023-03-02 17:39:32', NULL, '2023-03-02', 0, '172.18.0.1');
INSERT INTO `login_record` VALUES (293, 1, '13500010002', '2023-03-02 17:39:32', NULL, '2023-03-02', 0, '172.18.0.1');
INSERT INTO `login_record` VALUES (294, 1, '13500010002', '2023-03-02 17:39:33', NULL, '2023-03-02', 0, '172.18.0.1');
INSERT INTO `login_record` VALUES (295, 2, NULL, '2023-03-02 18:36:57', NULL, '2023-03-02', 0, '172.18.0.1');
INSERT INTO `login_record` VALUES (296, 1, '13500010002', '2023-03-02 21:40:21', NULL, '2023-03-02', 0, '172.18.0.1');
INSERT INTO `login_record` VALUES (297, 2, NULL, '2023-03-02 22:15:16', NULL, '2023-03-02', 0, '192.168.150.101');
INSERT INTO `login_record` VALUES (298, 1, '13500010002', '2023-03-02 22:15:55', NULL, '2023-03-02', 0, '192.168.150.101');
INSERT INTO `login_record` VALUES (299, 1, '13500010002', '2023-03-04 09:44:08', NULL, '2023-03-04', 0, '172.18.0.1');
INSERT INTO `login_record` VALUES (300, 1, '13500010002', '2023-03-04 09:44:12', NULL, '2023-03-04', 0, '172.18.0.1');
INSERT INTO `login_record` VALUES (301, 1, '13500010002', '2023-03-04 09:45:38', NULL, '2023-03-04', 0, '172.18.0.1');
INSERT INTO `login_record` VALUES (302, 1, '13500010002', '2023-03-04 11:45:24', NULL, '2023-03-04', 0, '172.18.0.1');
INSERT INTO `login_record` VALUES (303, 1, '13500010002', '2023-03-04 11:49:55', NULL, '2023-03-04', 0, '172.18.0.1');
INSERT INTO `login_record` VALUES (304, 1, '13500010002', '2023-03-04 11:50:50', NULL, '2023-03-04', 0, '172.18.0.1');
INSERT INTO `login_record` VALUES (305, 1, '13500010002', '2023-03-04 16:44:25', NULL, '2023-03-04', 0, '172.18.0.1');
INSERT INTO `login_record` VALUES (306, 1, '13500010002', '2023-03-05 10:18:39', NULL, '2023-03-05', 0, '172.18.0.1');
INSERT INTO `login_record` VALUES (307, 1, '13500010002', '2023-03-05 16:15:18', NULL, '2023-03-05', 0, '172.18.0.1');
INSERT INTO `login_record` VALUES (308, 1, '13500010002', '2023-03-05 19:18:48', NULL, '2023-03-05', 0, '172.18.0.1');
INSERT INTO `login_record` VALUES (309, 1, '13500010002', '2023-03-05 20:44:40', NULL, '2023-03-05', 0, '172.18.0.1');
INSERT INTO `login_record` VALUES (310, 2, NULL, '2023-03-06 16:10:31', NULL, '2023-03-06', 0, '172.18.0.1');
INSERT INTO `login_record` VALUES (311, 1, '13500010002', '2023-03-06 21:44:11', NULL, '2023-03-06', 0, '172.18.0.1');
INSERT INTO `login_record` VALUES (312, 2, NULL, '2023-03-06 22:19:43', NULL, '2023-03-06', 0, '172.18.0.1');
INSERT INTO `login_record` VALUES (313, 129, NULL, '2023-03-06 23:34:49', NULL, '2023-03-06', 0, '172.18.0.1');
INSERT INTO `login_record` VALUES (314, 1, '13500010002', '2023-03-07 09:52:55', NULL, '2023-03-07', 0, '172.18.0.1');
INSERT INTO `login_record` VALUES (315, 1, '13500010002', '2023-03-07 09:54:20', NULL, '2023-03-07', 0, '172.18.0.1');
INSERT INTO `login_record` VALUES (316, 1, '13500010002', '2023-03-07 09:56:14', NULL, '2023-03-07', 0, '172.18.0.1');
INSERT INTO `login_record` VALUES (317, 2, NULL, '2023-03-07 09:56:59', NULL, '2023-03-07', 0, '172.18.0.1');
INSERT INTO `login_record` VALUES (318, 1, '13500010002', '2023-03-07 11:46:44', NULL, '2023-03-07', 0, '172.18.0.1');
INSERT INTO `login_record` VALUES (319, 2, NULL, '2023-03-08 09:39:37', NULL, '2023-03-08', 0, '172.18.0.1');
INSERT INTO `login_record` VALUES (320, 2, NULL, '2023-03-08 09:51:31', NULL, '2023-03-08', 0, '172.18.0.1');
INSERT INTO `login_record` VALUES (321, 2, NULL, '2023-03-08 14:06:48', NULL, '2023-03-08', 0, '172.18.0.1');
INSERT INTO `login_record` VALUES (322, 1, '13500010002', '2023-03-08 23:19:19', NULL, '2023-03-08', 0, '172.18.0.1');
INSERT INTO `login_record` VALUES (323, 1, '13500010002', '2023-03-12 17:54:20', NULL, '2023-03-12', 0, '172.18.0.1');
INSERT INTO `login_record` VALUES (324, 1, '13500010002', '2023-03-12 17:54:22', NULL, '2023-03-12', 0, '172.18.0.1');
INSERT INTO `login_record` VALUES (325, 1, '13500010002', '2023-03-12 18:50:54', NULL, '2023-03-12', 0, '172.18.0.1');
INSERT INTO `login_record` VALUES (326, 1, '13500010002', '2023-03-13 09:28:01', NULL, '2023-03-13', 0, '172.18.0.1');
INSERT INTO `login_record` VALUES (327, 1, '13500010002', '2023-03-18 20:29:54', NULL, '2023-03-18', 0, '172.18.0.1');
INSERT INTO `login_record` VALUES (328, 1, '13500010002', '2023-03-19 10:23:32', NULL, '2023-03-19', 0, '172.18.0.1');
INSERT INTO `login_record` VALUES (329, 1, '13500010002', '2023-03-19 22:48:23', NULL, '2023-03-19', 0, '172.18.0.1');
INSERT INTO `login_record` VALUES (330, 1, '13500010002', '2023-03-20 10:47:08', NULL, '2023-03-20', 0, '172.18.0.1');
INSERT INTO `login_record` VALUES (331, 1, '13500010002', '2023-03-23 08:45:23', NULL, '2023-03-23', 0, '172.18.0.1');
INSERT INTO `login_record` VALUES (332, 1, '13500010002', '2023-04-11 15:40:21', NULL, '2023-04-11', 0, '172.18.0.1');
INSERT INTO `login_record` VALUES (333, 1, '13500010002', '2023-04-11 18:49:20', NULL, '2023-04-11', 0, '172.18.0.1');
INSERT INTO `login_record` VALUES (334, 129, NULL, '2023-04-11 22:36:37', NULL, '2023-04-11', 0, '172.18.0.1');
INSERT INTO `login_record` VALUES (335, 1, '13500010002', '2023-04-11 23:02:47', NULL, '2023-04-11', 0, '172.18.0.1');
INSERT INTO `login_record` VALUES (336, 2, NULL, '2023-04-12 11:28:18', NULL, '2023-04-12', 0, '172.18.0.1');
INSERT INTO `login_record` VALUES (337, 2, NULL, '2023-04-12 11:31:21', NULL, '2023-04-12', 0, '172.18.0.1');
INSERT INTO `login_record` VALUES (338, 2, NULL, '2023-04-12 19:17:46', NULL, '2023-04-12', 0, '172.18.0.1');
INSERT INTO `login_record` VALUES (339, 129, NULL, '2023-04-12 19:18:31', NULL, '2023-04-12', 0, '172.18.0.1');
INSERT INTO `login_record` VALUES (340, 2, NULL, '2023-04-13 10:16:27', NULL, '2023-04-13', 0, '172.18.0.1');
INSERT INTO `login_record` VALUES (341, 1, '13500010002', '2023-04-13 14:56:06', NULL, '2023-04-13', 0, '172.18.0.1');
INSERT INTO `login_record` VALUES (342, 1, '13500010002', '2023-04-13 20:37:50', NULL, '2023-04-13', 0, '172.18.0.1');
INSERT INTO `login_record` VALUES (343, 129, NULL, '2023-04-27 12:32:53', NULL, '2023-04-27', 0, '192.168.150.1');
INSERT INTO `login_record` VALUES (344, 1, '13500010002', '2023-04-27 12:33:39', NULL, '2023-04-27', 0, '192.168.150.1');

-- ----------------------------
-- Table structure for menu
-- ----------------------------
DROP TABLE IF EXISTS `menu`;
CREATE TABLE `menu`  (
  `id` bigint NOT NULL COMMENT '主键',
  `parent_id` bigint NULL DEFAULT 0 COMMENT '父菜单id，默认0代表没有父菜单',
  `has_children` tinyint NULL DEFAULT 0 COMMENT '是否有子菜单，默认false',
  `label` varchar(16) CHARACTER SET utf8mb4 COLLATE utf8mb4_0900_ai_ci NULL DEFAULT '' COMMENT '菜单文本',
  `path` varchar(255) CHARACTER SET utf8mb4 COLLATE utf8mb4_0900_ai_ci NULL DEFAULT '' COMMENT '菜单路径',
  `icon` varchar(32) CHARACTER SET utf8mb4 COLLATE utf8mb4_0900_ai_ci NULL DEFAULT '' COMMENT '菜单图标',
  `priority` tinyint NOT NULL DEFAULT 127 COMMENT '顺序，默认127',
  `create_time` datetime NOT NULL DEFAULT CURRENT_TIMESTAMP COMMENT '创建时间',
  `update_time` datetime NOT NULL DEFAULT CURRENT_TIMESTAMP ON UPDATE CURRENT_TIMESTAMP COMMENT '更新时间',
  `creater` bigint NOT NULL DEFAULT 0 COMMENT '创建者id',
  `updater` bigint NOT NULL DEFAULT 0 COMMENT '更新者id',
  `dep_id` bigint NOT NULL DEFAULT 0 COMMENT '部门id',
  `deleted` tinyint NOT NULL DEFAULT 0 COMMENT '逻辑删除，默认0',
  PRIMARY KEY (`id`) USING BTREE
) ENGINE = InnoDB CHARACTER SET = utf8mb4 COLLATE = utf8mb4_0900_ai_ci COMMENT = '权限表，包括菜单权限和访问路径权限' ROW_FORMAT = Dynamic;

-- ----------------------------
-- Records of menu
-- ----------------------------
INSERT INTO `menu` VALUES (1556986085563703298, 0, 1, '用户管理', '', 'el-icon-user', 1, '2022-08-09 20:49:44', '2022-08-09 20:52:29', 1, 1, 0, 0);
INSERT INTO `menu` VALUES (1556986682094395393, 1556986085563703298, 0, '教师管理', '/user/teacher', 'el-icon-teacher', 1, '2022-08-09 20:52:07', '2022-08-09 20:53:07', 1, 1, 0, 0);
INSERT INTO `menu` VALUES (1556986990644174849, 1556986085563703298, 0, '学员管理', '/user/student', 'el-icon-student', 2, '2022-08-09 20:53:20', '2022-08-09 20:53:20', 1, 1, 0, 0);
INSERT INTO `menu` VALUES (1556987054242406401, 1556986085563703298, 0, '员工管理', '/user/staff', 'el-icon-staff', 3, '2022-08-09 20:53:35', '2022-08-09 20:53:35', 1, 1, 0, 0);
INSERT INTO `menu` VALUES (1556998349205295106, 0, 1, '课程管理', '', 'el-icon-course', 1, '2022-08-09 21:38:28', '2022-08-09 21:39:31', 1, 1, 0, 0);
INSERT INTO `menu` VALUES (1556998613249314817, 1556998349205295106, 0, '课程列表', '/curriculum/index', 'el-icon-course', 1, '2022-08-09 21:39:31', '2023-04-13 15:01:00', 1, 1, 0, 0);
INSERT INTO `menu` VALUES (1556998734871547905, 1556998349205295106, 0, '添加课程', '/curriculum/add', 'el-icon-add', 2, '2022-08-09 21:40:00', '2023-04-13 15:01:57', 1, 1, 0, 0);
INSERT INTO `menu` VALUES (1557000680558841857, 1556998349205295106, 0, '媒资管理', '/curriculum/media', 'el-icon-add', 3, '2022-08-09 21:47:44', '2023-04-13 15:02:07', 1, 1, 0, 0);
INSERT INTO `menu` VALUES (1557001505213534209, 0, 1, '题目管理', '', 'el-icon-add', 1, '2022-08-09 21:51:01', '2022-08-09 21:51:19', 1, 1, 0, 0);
INSERT INTO `menu` VALUES (1557001580157358082, 1557001505213534209, 0, '题目列表', '', 'el-icon-add', 1, '2022-08-09 21:51:19', '2022-08-09 21:51:19', 1, 1, 0, 0);

-- ----------------------------
-- Table structure for privilege
-- ----------------------------
DROP TABLE IF EXISTS `privilege`;
CREATE TABLE `privilege`  (
  `id` bigint NOT NULL COMMENT '主键',
  `menu_id` bigint NULL DEFAULT NULL COMMENT '菜单id',
  `intro` varchar(255) CHARACTER SET utf8mb4 COLLATE utf8mb4_0900_ai_ci NULL DEFAULT '' COMMENT '权限说明',
  `method` varchar(16) CHARACTER SET utf8mb4 COLLATE utf8mb4_0900_ai_ci NULL DEFAULT '' COMMENT 'API权限的请求方式',
  `uri` varchar(255) CHARACTER SET utf8mb4 COLLATE utf8mb4_0900_ai_ci NULL DEFAULT '' COMMENT 'API权限的请求路径',
  `internal` tinyint NULL DEFAULT 0 COMMENT '是否是内部接口权限，默认false',
  `create_time` datetime NOT NULL DEFAULT CURRENT_TIMESTAMP COMMENT '创建时间',
  `update_time` datetime NOT NULL DEFAULT CURRENT_TIMESTAMP ON UPDATE CURRENT_TIMESTAMP COMMENT '更新时间',
  `creater` bigint NOT NULL DEFAULT 0 COMMENT '创建者id',
  `updater` bigint NOT NULL DEFAULT 0 COMMENT '更新者id',
  `dep_id` bigint NOT NULL DEFAULT 0 COMMENT '部门id',
  `deleted` tinyint NOT NULL DEFAULT 0 COMMENT '逻辑删除，默认0',
  PRIMARY KEY (`id`) USING BTREE
) ENGINE = InnoDB CHARACTER SET = utf8mb4 COLLATE = utf8mb4_0900_ai_ci COMMENT = '权限表，包括菜单权限和访问路径权限' ROW_FORMAT = Dynamic;

-- ----------------------------
-- Records of privilege
-- ----------------------------
INSERT INTO `privilege` VALUES (1557005424819982337, 1556987054242406401, '分页员工列表', 'GET', '/staffs', 0, '2022-08-09 22:06:35', '2022-08-09 22:06:35', 1, 1, 0, 0);
INSERT INTO `privilege` VALUES (1557005525541998594, 1556987054242406401, '根据id查询员工', 'GET', '/staffs/{id}', 0, '2022-08-09 22:06:59', '2022-08-09 22:06:59', 1, 1, 0, 0);
INSERT INTO `privilege` VALUES (1557005839510818818, 1556987054242406401, '新增员工', 'POST', '/staffs', 0, '2022-08-09 22:08:14', '2022-08-09 22:08:14', 1, 1, 0, 0);
INSERT INTO `privilege` VALUES (1557005973875347458, 1556987054242406401, '修改员工', 'PUT', '/staffs/{id}', 0, '2022-08-09 22:08:46', '2022-08-09 22:08:46', 1, 1, 0, 0);
INSERT INTO `privilege` VALUES (1557007543350403074, 1556986682094395393, '查询教师', 'GET', '/teachers/{id}', 0, '2022-08-09 22:15:00', '2022-08-09 22:15:00', 1, 1, 0, 0);
INSERT INTO `privilege` VALUES (1557007626800275457, 1556986682094395393, '查询教师列表', 'GET', '/teachers', 0, '2022-08-09 22:15:20', '2022-08-09 22:15:20', 1, 1, 0, 0);
INSERT INTO `privilege` VALUES (1557007726217863170, 1556986682094395393, '新增教师', 'POST', '/teachers', 0, '2022-08-09 22:15:44', '2022-08-09 22:15:44', 1, 1, 0, 0);
INSERT INTO `privilege` VALUES (1557007787190460418, 1556986682094395393, '修改教师', 'PUT', '/teachers/{teacherId}', 0, '2022-08-09 22:15:59', '2022-08-09 22:15:59', 1, 1, 0, 0);
INSERT INTO `privilege` VALUES (1557008134843736066, 1556986990644174849, '学员列表', 'GET', '/students', 0, '2022-08-09 22:17:21', '2022-08-09 22:17:21', 1, 1, 0, 0);
INSERT INTO `privilege` VALUES (1557008347989876737, 1556986990644174849, '查询学员', 'GET', '/students/{id}', 0, '2022-08-09 22:18:12', '2022-08-09 22:18:12', 1, 1, 0, 0);
INSERT INTO `privilege` VALUES (1557009553579646977, 1556986085563703298, '重置密码', 'PUT', '/users/{id}/password/default', 0, '2022-08-09 22:23:00', '2022-08-09 22:24:02', 1, 1, 0, 0);
INSERT INTO `privilege` VALUES (1557010206007828481, 1556987054242406401, '禁用用户', 'PUT', '/users/{id}/status/{status}', 0, '2022-08-09 22:25:35', '2022-08-09 22:25:35', 1, 1, 0, 0);
INSERT INTO `privilege` VALUES (1646407434288848898, 1556998613249314817, '分页查询课程', 'GET', '/courses/page', 0, '2023-04-13 14:58:15', '2023-04-13 14:58:15', 0, 0, 0, 0);

-- ----------------------------
-- Table structure for role
-- ----------------------------
DROP TABLE IF EXISTS `role`;
CREATE TABLE `role`  (
  `id` bigint NOT NULL COMMENT '主键',
  `code` varchar(64) CHARACTER SET utf8mb4 COLLATE utf8mb4_0900_ai_ci NOT NULL COMMENT '角色代号，例如：admin',
  `name` varchar(255) CHARACTER SET utf8mb4 COLLATE utf8mb4_0900_ai_ci NOT NULL COMMENT '角色名称',
  `type` tinyint NULL DEFAULT 1 COMMENT '角色类型：0-固定角色（不可选）1-自定义角色',
  `create_time` datetime NOT NULL DEFAULT CURRENT_TIMESTAMP COMMENT '创建时间',
  `update_time` datetime NOT NULL DEFAULT CURRENT_TIMESTAMP ON UPDATE CURRENT_TIMESTAMP COMMENT '更新时间',
  `creater` bigint NOT NULL DEFAULT 0 COMMENT '创建者id',
  `updater` bigint NOT NULL DEFAULT 0 COMMENT '更新者id',
  `dep_id` bigint NOT NULL DEFAULT 0 COMMENT '部门id',
  `deleted` tinyint NOT NULL DEFAULT 0 COMMENT '逻辑删除，默认0',
  PRIMARY KEY (`id`) USING BTREE
) ENGINE = InnoDB CHARACTER SET = utf8mb4 COLLATE = utf8mb4_0900_ai_ci COMMENT = '角色表' ROW_FORMAT = Dynamic;

-- ----------------------------
-- Records of role
-- ----------------------------
INSERT INTO `role` VALUES (1, 'admin', '超级管理员', 1, '2022-06-16 10:18:12', '2022-09-29 21:13:20', 1, 1, 0, 0);
INSERT INTO `role` VALUES (2, 'student', '学员', 0, '2022-06-16 17:51:30', '2022-07-12 09:13:06', 1, 1, 0, 0);
INSERT INTO `role` VALUES (3, 'teacher', '教师', 0, '2022-07-12 09:12:28', '2022-07-12 09:27:30', 1, 1, 0, 0);
INSERT INTO `role` VALUES (4, 'sys-manager', '系统管理员', 1, '2022-07-12 09:14:13', '2022-07-12 09:14:13', 1, 1, 0, 0);
INSERT INTO `role` VALUES (5, 'finance', '财务专员', 1, '2022-07-12 09:19:30', '2022-07-12 09:28:07', 1, 1, 0, 0);
INSERT INTO `role` VALUES (6, 'course-manager', '课程管理员', 1, '2022-07-12 09:28:27', '2022-07-12 09:28:27', 1, 1, 0, 0);
INSERT INTO `role` VALUES (7, 'customer-service', '客服专员', 1, '2022-07-12 09:29:50', '2022-07-12 09:29:50', 1, 1, 0, 0);

-- ----------------------------
-- Table structure for role_menu
-- ----------------------------
DROP TABLE IF EXISTS `role_menu`;
CREATE TABLE `role_menu`  (
  `id` bigint NOT NULL AUTO_INCREMENT,
  `role_id` bigint NOT NULL COMMENT '角色id',
  `menu_id` bigint NOT NULL COMMENT '菜单id',
  PRIMARY KEY (`id`) USING BTREE
) ENGINE = InnoDB AUTO_INCREMENT = 11 CHARACTER SET = utf8mb4 COLLATE = utf8mb4_0900_ai_ci COMMENT = '账户、角色关联表' ROW_FORMAT = Dynamic;

-- ----------------------------
-- Records of role_menu
-- ----------------------------
INSERT INTO `role_menu` VALUES (1, 1, 1556986085563703298);
INSERT INTO `role_menu` VALUES (2, 1, 1556986682094395393);
INSERT INTO `role_menu` VALUES (3, 1, 1556986990644174849);
INSERT INTO `role_menu` VALUES (4, 1, 1556987054242406401);
INSERT INTO `role_menu` VALUES (5, 1, 1556998349205295106);
INSERT INTO `role_menu` VALUES (6, 1, 1556998613249314817);
INSERT INTO `role_menu` VALUES (7, 1, 1556998734871547905);
INSERT INTO `role_menu` VALUES (8, 1, 1557000680558841857);
INSERT INTO `role_menu` VALUES (9, 1, 1557001505213534209);
INSERT INTO `role_menu` VALUES (10, 1, 1557001580157358082);

-- ----------------------------
-- Table structure for role_privilege
-- ----------------------------
DROP TABLE IF EXISTS `role_privilege`;
CREATE TABLE `role_privilege`  (
  `id` bigint NOT NULL AUTO_INCREMENT,
  `role_id` bigint NOT NULL COMMENT '角色id',
  `privilege_id` bigint NOT NULL COMMENT '权限id',
  PRIMARY KEY (`id`) USING BTREE
) ENGINE = InnoDB AUTO_INCREMENT = 41 CHARACTER SET = utf8mb4 COLLATE = utf8mb4_0900_ai_ci COMMENT = '账户、角色关联表' ROW_FORMAT = Dynamic;

-- ----------------------------
-- Records of role_privilege
-- ----------------------------
INSERT INTO `role_privilege` VALUES (24, 1, 1557005316221063169);
INSERT INTO `role_privilege` VALUES (25, 1, 1557005424819982337);
INSERT INTO `role_privilege` VALUES (26, 1, 1557005525541998594);
INSERT INTO `role_privilege` VALUES (27, 1, 1557005737975107585);
INSERT INTO `role_privilege` VALUES (28, 1, 1557005839510818818);
INSERT INTO `role_privilege` VALUES (29, 1, 1557005973875347458);
INSERT INTO `role_privilege` VALUES (30, 1, 1557007034665213953);
INSERT INTO `role_privilege` VALUES (31, 1, 1557007543350403074);
INSERT INTO `role_privilege` VALUES (32, 1, 1557007626800275457);
INSERT INTO `role_privilege` VALUES (33, 1, 1557007726217863170);
INSERT INTO `role_privilege` VALUES (34, 1, 1557007787190460418);
INSERT INTO `role_privilege` VALUES (35, 1, 1557008074911326209);
INSERT INTO `role_privilege` VALUES (36, 1, 1557008134843736066);
INSERT INTO `role_privilege` VALUES (37, 1, 1557008347989876737);
INSERT INTO `role_privilege` VALUES (38, 1, 1557009553579646977);
INSERT INTO `role_privilege` VALUES (39, 1, 1557010206007828481);
INSERT INTO `role_privilege` VALUES (40, 1, 1646407434288848898);

SET FOREIGN_KEY_CHECKS = 1;
