/*
 Navicat Premium Dump SQL

 Source Server         : 192.168.150.101_3306
 Source Server Type    : MySQL
 Source Server Version : 80029 (8.0.29)
 Source Host           : 192.168.150.101:3306
 Source Schema         : tj_course

 Target Server Type    : MySQL
 Target Server Version : 80029 (8.0.29)
 File Encoding         : 65001

 Date: 01/07/2024 23:18:39
*/

SET NAMES utf8mb4;
SET FOREIGN_KEY_CHECKS = 0;

-- ----------------------------
-- Table structure for category
-- ----------------------------
DROP TABLE IF EXISTS `category`;
CREATE TABLE `category`  (
  `id` bigint NOT NULL AUTO_INCREMENT COMMENT '课程分类id',
  `name` varchar(50) CHARACTER SET utf8mb4 COLLATE utf8mb4_0900_ai_ci NOT NULL COMMENT '分类名称',
  `parent_id` bigint NOT NULL DEFAULT 0 COMMENT '父分类id，一级分类父id为0',
  `level` int NOT NULL COMMENT '分类级别，1,2,3：代表一级分类，二级分类，三级分类',
  `priority` int NOT NULL DEFAULT 1 COMMENT '同级目录优先级，数字越小优先级越高，可以重复',
  `status` tinyint NOT NULL COMMENT '课程分类状态，1：正常，2：禁用',
  `create_time` datetime NOT NULL DEFAULT CURRENT_TIMESTAMP COMMENT '创建时间',
  `update_time` datetime NOT NULL DEFAULT CURRENT_TIMESTAMP ON UPDATE CURRENT_TIMESTAMP COMMENT '更新时间',
  `creater` bigint NOT NULL DEFAULT 0 COMMENT '创建者',
  `updater` bigint NOT NULL DEFAULT 0 COMMENT '更新者',
  `deleted` tinyint NOT NULL DEFAULT 0,
  PRIMARY KEY (`id`) USING BTREE
) ENGINE = InnoDB AUTO_INCREMENT = 3656 CHARACTER SET = utf8mb4 COLLATE = utf8mb4_0900_ai_ci COMMENT = '课程分类' ROW_FORMAT = Dynamic;

-- ----------------------------
-- Records of category
-- ----------------------------
INSERT INTO `category` VALUES (1001, 'IT·互联网', 0, 1, 1, 1, '2022-07-18 10:03:46', '2022-07-18 10:03:46', 0, 0, 0);
INSERT INTO `category` VALUES (1002, '设计·创作', 0, 1, 1, 1, '2022-07-18 10:03:45', '2022-07-18 10:03:45', 0, 0, 0);
INSERT INTO `category` VALUES (1003, '语言·留学', 0, 1, 1, 1, '2022-07-18 10:03:45', '2022-07-18 10:03:45', 0, 0, 0);
INSERT INTO `category` VALUES (1004, '考试·考证', 0, 1, 1, 1, '2022-07-18 10:03:44', '2022-07-18 10:03:44', 0, 0, 0);
INSERT INTO `category` VALUES (1005, '职业·职场', 0, 1, 1, 1, '2022-07-18 10:03:44', '2022-07-18 10:03:44', 0, 0, 0);
INSERT INTO `category` VALUES (1006, '兴趣·生活', 0, 1, 1, 1, '2022-07-18 10:03:44', '2023-03-23 09:10:56', 0, 0, 0);
INSERT INTO `category` VALUES (1007, '电商·营销', 0, 1, 1, 1, '2022-07-18 10:03:44', '2023-03-23 09:11:01', 0, 0, 1);
INSERT INTO `category` VALUES (1008, '企业·培训', 0, 1, 1, 1, '2022-07-18 10:03:44', '2022-07-29 10:45:17', 0, 0, 1);
INSERT INTO `category` VALUES (2001, '互联网运营', 1001, 2, 1, 1, '2022-07-18 10:03:46', '2022-07-18 10:03:46', 0, 0, 0);
INSERT INTO `category` VALUES (2002, 'Java开发', 1001, 2, 1, 1, '2022-07-18 10:03:46', '2022-07-18 10:03:46', 0, 0, 0);
INSERT INTO `category` VALUES (2003, '移动开发', 1001, 2, 1, 1, '2022-07-18 10:03:46', '2022-07-18 10:03:46', 0, 0, 0);
INSERT INTO `category` VALUES (2004, '前端开发', 1001, 2, 1, 1, '2022-07-18 10:03:46', '2022-07-18 10:03:46', 0, 0, 0);
INSERT INTO `category` VALUES (2005, '运维', 1001, 2, 1, 1, '2022-07-18 10:03:46', '2022-07-18 10:03:46', 0, 0, 0);
INSERT INTO `category` VALUES (2006, '软件测试', 1001, 2, 1, 1, '2022-07-18 10:03:46', '2022-07-18 10:03:46', 0, 0, 0);
INSERT INTO `category` VALUES (2007, '大数据与AI', 1001, 2, 1, 1, '2022-07-18 10:03:46', '2022-07-18 10:03:46', 0, 0, 0);
INSERT INTO `category` VALUES (2008, '游戏开发', 1001, 2, 1, 1, '2022-07-18 10:03:46', '2022-07-18 10:03:46', 0, 0, 0);
INSERT INTO `category` VALUES (2009, '认证考试', 1001, 2, 1, 1, '2022-07-18 10:03:46', '2022-07-18 10:03:46', 0, 0, 0);
INSERT INTO `category` VALUES (2010, '电商平台', 1007, 2, 1, 1, '2022-07-18 10:03:44', '2022-07-18 10:03:44', 0, 0, 0);
INSERT INTO `category` VALUES (2011, '平面设计', 1002, 2, 1, 1, '2022-07-18 10:03:46', '2022-07-18 10:03:46', 0, 0, 0);
INSERT INTO `category` VALUES (2012, 'UI/UX', 1002, 2, 1, 1, '2022-07-18 10:03:46', '2022-07-18 10:03:46', 0, 0, 0);
INSERT INTO `category` VALUES (2014, '游戏美术设计', 1002, 2, 1, 1, '2022-07-18 10:03:46', '2022-07-18 10:03:46', 0, 0, 0);
INSERT INTO `category` VALUES (2015, '绘画创作', 1002, 2, 1, 1, '2022-07-18 10:03:46', '2022-07-18 10:03:46', 0, 0, 0);
INSERT INTO `category` VALUES (2016, '影视设计', 1002, 2, 1, 1, '2022-07-18 10:03:45', '2022-07-18 10:03:45', 0, 0, 0);
INSERT INTO `category` VALUES (2017, '环境艺术设计', 1002, 2, 1, 1, '2022-07-18 10:03:45', '2022-07-18 10:03:45', 0, 0, 0);
INSERT INTO `category` VALUES (2018, '工业产品设计', 1002, 2, 1, 1, '2022-07-18 10:03:45', '2022-07-18 10:03:45', 0, 0, 0);
INSERT INTO `category` VALUES (2019, '服装设计', 1002, 2, 1, 1, '2022-07-18 10:03:45', '2022-07-18 10:03:45', 0, 0, 0);
INSERT INTO `category` VALUES (2020, '英语', 1003, 2, 1, 1, '2022-07-18 10:03:45', '2022-07-18 10:03:45', 0, 0, 0);
INSERT INTO `category` VALUES (2021, '出国留学', 1003, 2, 1, 1, '2022-07-18 10:03:45', '2022-07-18 10:03:45', 0, 0, 0);
INSERT INTO `category` VALUES (2027, '公考教资', 1004, 2, 1, 1, '2022-07-18 10:03:44', '2022-07-18 10:03:44', 0, 0, 0);
INSERT INTO `category` VALUES (2028, '财会金融', 1004, 2, 1, 1, '2022-07-18 10:03:44', '2022-07-18 10:03:44', 0, 0, 0);
INSERT INTO `category` VALUES (2029, '建造工程', 1004, 2, 1, 1, '2022-07-18 10:03:44', '2022-07-18 10:03:44', 0, 0, 0);
INSERT INTO `category` VALUES (2035, '投资理财', 1006, 2, 1, 1, '2022-07-18 10:03:44', '2022-07-18 10:03:44', 0, 0, 0);
INSERT INTO `category` VALUES (2036, '生活百科', 1006, 2, 1, 1, '2022-07-18 10:03:44', '2022-07-18 10:03:44', 0, 0, 0);
INSERT INTO `category` VALUES (2039, '医疗卫生', 1004, 2, 1, 1, '2022-07-18 10:03:44', '2022-07-18 10:03:44', 0, 0, 0);
INSERT INTO `category` VALUES (2041, '其他', 1002, 2, 1, 1, '2022-07-18 10:03:46', '2022-07-18 10:03:46', 0, 0, 0);
INSERT INTO `category` VALUES (2043, '硬件开发', 1001, 2, 1, 1, '2022-07-18 10:03:46', '2022-07-18 10:03:46', 0, 0, 0);
INSERT INTO `category` VALUES (2046, '法学院', 1004, 2, 1, 1, '2022-07-18 10:03:45', '2022-07-18 10:03:45', 0, 0, 0);
INSERT INTO `category` VALUES (2047, '音乐乐器', 1006, 2, 1, 1, '2022-07-18 10:03:44', '2022-07-18 10:03:44', 0, 0, 0);
INSERT INTO `category` VALUES (2049, '运动健康', 1006, 2, 1, 1, '2022-07-18 10:03:44', '2022-07-18 10:03:44', 0, 0, 0);
INSERT INTO `category` VALUES (2050, '跨境电商', 1007, 2, 1, 1, '2022-07-18 10:03:44', '2022-07-18 10:03:44', 0, 0, 0);
INSERT INTO `category` VALUES (2051, '直播电商', 1007, 2, 1, 1, '2022-07-18 10:03:44', '2022-07-18 10:03:44', 0, 0, 0);
INSERT INTO `category` VALUES (2054, '后台开发', 1001, 2, 1, 1, '2022-07-18 10:03:46', '2022-07-18 10:03:46', 0, 0, 0);
INSERT INTO `category` VALUES (2055, '播音主持', 1006, 2, 1, 1, '2022-07-18 10:03:44', '2022-07-18 10:03:44', 0, 0, 0);
INSERT INTO `category` VALUES (2056, '前沿技术', 1001, 2, 1, 1, '2022-07-18 10:03:46', '2022-07-18 10:03:46', 0, 0, 0);
INSERT INTO `category` VALUES (2057, '计算机通识课', 1001, 2, 1, 1, '2022-07-18 10:03:46', '2022-07-18 10:03:46', 0, 0, 0);
INSERT INTO `category` VALUES (2058, '日语', 1003, 2, 1, 1, '2022-07-18 10:03:45', '2022-07-18 10:03:45', 0, 0, 0);
INSERT INTO `category` VALUES (2059, '韩语', 1003, 2, 1, 1, '2022-07-18 10:03:45', '2022-07-18 10:03:45', 0, 0, 0);
INSERT INTO `category` VALUES (2060, '小语种', 1003, 2, 1, 1, '2022-07-18 10:03:45', '2022-07-18 10:03:45', 0, 0, 0);
INSERT INTO `category` VALUES (2064, 'Python', 1001, 2, 1, 1, '2022-07-18 10:03:46', '2022-07-18 10:03:46', 0, 0, 0);
INSERT INTO `category` VALUES (2066, '互联网产品', 1001, 2, 1, 1, '2022-07-18 10:03:46', '2022-07-18 10:03:46', 0, 0, 0);
INSERT INTO `category` VALUES (2068, '考研', 1004, 2, 1, 1, '2022-07-18 10:03:45', '2022-07-18 10:03:45', 0, 0, 0);
INSERT INTO `category` VALUES (2069, '摄影', 1002, 2, 1, 1, '2022-07-18 10:03:46', '2022-07-18 10:03:46', 0, 0, 0);
INSERT INTO `category` VALUES (2070, '办公软件', 1005, 2, 1, 1, '2022-07-18 10:03:44', '2022-07-18 10:03:44', 0, 0, 0);
INSERT INTO `category` VALUES (2071, '技工技能', 1005, 2, 1, 1, '2022-07-18 10:03:44', '2022-07-18 10:03:44', 0, 0, 0);
INSERT INTO `category` VALUES (2073, '人文社科', 1006, 2, 1, 1, '2022-07-18 10:03:44', '2022-07-18 10:03:44', 0, 0, 0);
INSERT INTO `category` VALUES (2077, '职业素养', 1005, 2, 1, 1, '2022-07-18 10:03:44', '2022-07-18 10:03:44', 0, 0, 0);
INSERT INTO `category` VALUES (2078, '面试求职', 1005, 2, 1, 1, '2022-07-18 10:03:44', '2022-07-18 10:03:44', 0, 0, 0);
INSERT INTO `category` VALUES (2079, '大学学历', 1004, 2, 1, 1, '2022-07-18 10:03:45', '2022-07-18 10:03:45', 0, 0, 0);
INSERT INTO `category` VALUES (2080, '农业生产', 1005, 2, 1, 1, '2022-07-18 10:03:44', '2022-07-18 10:03:44', 0, 0, 0);
INSERT INTO `category` VALUES (2085, '组织管理', 1008, 2, 1, 1, '2022-07-18 10:03:44', '2022-07-18 10:03:44', 0, 0, 0);
INSERT INTO `category` VALUES (2086, '岗位技能', 1008, 2, 1, 1, '2022-07-18 10:03:44', '2022-07-18 10:03:44', 0, 0, 0);
INSERT INTO `category` VALUES (2087, '职场通用', 1008, 2, 1, 1, '2022-07-18 10:03:44', '2022-07-18 10:03:44', 0, 0, 0);
INSERT INTO `category` VALUES (3003, '产品运营', 2001, 3, 1, 1, '2022-07-18 10:03:46', '2022-07-18 10:03:46', 0, 0, 0);
INSERT INTO `category` VALUES (3004, '游戏运营', 2001, 3, 1, 1, '2022-07-18 10:03:46', '2022-07-18 10:03:46', 0, 0, 0);
INSERT INTO `category` VALUES (3007, 'Java进阶', 2002, 3, 1, 1, '2022-07-18 10:03:46', '2022-07-18 10:03:46', 0, 0, 0);
INSERT INTO `category` VALUES (3021, 'Android', 2003, 3, 1, 1, '2022-07-18 10:03:46', '2022-07-18 10:03:46', 0, 0, 0);
INSERT INTO `category` VALUES (3022, 'iOS', 2003, 3, 1, 1, '2022-07-18 10:03:46', '2022-07-18 10:03:46', 0, 0, 0);
INSERT INTO `category` VALUES (3030, 'Linux运维', 2005, 3, 1, 1, '2022-07-18 10:03:46', '2022-07-18 10:03:46', 0, 0, 0);
INSERT INTO `category` VALUES (3032, '自动化运维', 2005, 3, 1, 1, '2022-07-18 10:03:46', '2022-07-18 10:03:46', 0, 0, 0);
INSERT INTO `category` VALUES (3033, '安全', 2005, 3, 1, 1, '2022-07-18 10:03:46', '2022-07-18 10:03:46', 0, 0, 0);
INSERT INTO `category` VALUES (3034, '自动化测试', 2006, 3, 1, 1, '2022-07-18 10:03:46', '2022-07-18 10:03:46', 0, 0, 0);
INSERT INTO `category` VALUES (3036, '大数据', 2007, 3, 1, 1, '2022-07-18 10:03:46', '2022-07-18 10:03:46', 0, 0, 0);
INSERT INTO `category` VALUES (3039, 'Unity', 2008, 3, 1, 1, '2022-07-18 10:03:46', '2022-07-18 10:03:46', 0, 0, 0);
INSERT INTO `category` VALUES (3040, 'Cocos', 2008, 3, 1, 1, '2022-07-18 10:03:46', '2022-07-18 10:03:46', 0, 0, 0);
INSERT INTO `category` VALUES (3041, 'H5游戏', 2008, 3, 1, 1, '2022-07-18 10:03:46', '2022-07-18 10:03:46', 0, 0, 0);
INSERT INTO `category` VALUES (3043, '思科认证', 2009, 3, 1, 1, '2022-07-18 10:03:46', '2022-07-18 10:03:46', 0, 0, 0);
INSERT INTO `category` VALUES (3044, '华为认证', 2009, 3, 1, 1, '2022-07-18 10:03:46', '2022-07-18 10:03:46', 0, 0, 0);
INSERT INTO `category` VALUES (3045, '软考', 2009, 3, 1, 1, '2022-07-18 10:03:46', '2022-07-18 10:03:46', 0, 0, 0);
INSERT INTO `category` VALUES (3050, '其他', 2009, 3, 1, 1, '2022-07-18 10:03:46', '2022-07-18 10:03:46', 0, 0, 0);
INSERT INTO `category` VALUES (3051, '网络营销', 2001, 3, 1, 1, '2022-07-18 10:03:46', '2022-07-18 10:03:46', 0, 0, 0);
INSERT INTO `category` VALUES (3053, 'SEO', 2001, 3, 1, 1, '2022-07-18 10:03:46', '2022-07-18 10:03:46', 0, 0, 0);
INSERT INTO `category` VALUES (3054, 'SEM', 2001, 3, 1, 1, '2022-07-18 10:03:46', '2022-07-18 10:03:46', 0, 0, 0);
INSERT INTO `category` VALUES (3058, '淘宝营销', 2010, 3, 1, 1, '2022-07-18 10:03:44', '2022-07-18 10:03:44', 0, 0, 0);
INSERT INTO `category` VALUES (3063, '平面视觉', 2011, 3, 1, 1, '2022-07-18 10:03:46', '2022-07-18 10:03:46', 0, 0, 0);
INSERT INTO `category` VALUES (3065, '交互设计', 2012, 3, 1, 1, '2022-07-18 10:03:46', '2022-07-18 10:03:46', 0, 0, 0);
INSERT INTO `category` VALUES (3066, '游戏UI设计', 2012, 3, 1, 1, '2022-07-18 10:03:46', '2022-07-18 10:03:46', 0, 0, 0);
INSERT INTO `category` VALUES (3068, '用户体验设计', 2012, 3, 1, 1, '2022-07-18 10:03:46', '2022-07-18 10:03:46', 0, 0, 0);
INSERT INTO `category` VALUES (3092, '游戏角色设计', 2014, 3, 1, 1, '2022-07-18 10:03:46', '2022-07-18 10:03:46', 0, 0, 0);
INSERT INTO `category` VALUES (3093, '场景概念设计', 2014, 3, 1, 1, '2022-07-18 10:03:46', '2022-07-18 10:03:46', 0, 0, 0);
INSERT INTO `category` VALUES (3094, '游戏模型设计', 2014, 3, 1, 1, '2022-07-18 10:03:46', '2022-07-18 10:03:46', 0, 0, 0);
INSERT INTO `category` VALUES (3095, '游戏特效设计', 2014, 3, 1, 1, '2022-07-18 10:03:46', '2022-07-18 10:03:46', 0, 0, 0);
INSERT INTO `category` VALUES (3097, '插画', 2015, 3, 1, 1, '2022-07-18 10:03:46', '2022-07-18 10:03:46', 0, 0, 0);
INSERT INTO `category` VALUES (3098, '国画油画', 2015, 3, 1, 1, '2022-07-18 10:03:46', '2022-07-18 10:03:46', 0, 0, 0);
INSERT INTO `category` VALUES (3099, '水彩水粉画', 2015, 3, 1, 1, '2022-07-18 10:03:46', '2022-07-18 10:03:46', 0, 0, 0);
INSERT INTO `category` VALUES (3100, '特效与后期', 2016, 3, 1, 1, '2022-07-18 10:03:45', '2022-07-18 10:03:45', 0, 0, 0);
INSERT INTO `category` VALUES (3102, '包装与剪辑', 2016, 3, 1, 1, '2022-07-18 10:03:45', '2022-07-18 10:03:45', 0, 0, 0);
INSERT INTO `category` VALUES (3103, '室内设计', 2017, 3, 1, 1, '2022-07-18 10:03:45', '2022-07-18 10:03:45', 0, 0, 0);
INSERT INTO `category` VALUES (3104, '建筑设计', 2017, 3, 1, 1, '2022-07-18 10:03:45', '2022-07-18 10:03:45', 0, 0, 0);
INSERT INTO `category` VALUES (3105, '景观设计', 2017, 3, 1, 1, '2022-07-18 10:03:45', '2022-07-18 10:03:45', 0, 0, 0);
INSERT INTO `category` VALUES (3106, '产品设计', 2018, 3, 1, 1, '2022-07-18 10:03:45', '2022-07-18 10:03:45', 0, 0, 0);
INSERT INTO `category` VALUES (3107, '模具设计', 2018, 3, 1, 1, '2022-07-18 10:03:45', '2022-07-18 10:03:45', 0, 0, 0);
INSERT INTO `category` VALUES (3108, '机械设计', 2018, 3, 1, 1, '2022-07-18 10:03:45', '2022-07-18 10:03:45', 0, 0, 0);
INSERT INTO `category` VALUES (3109, '包装设计', 2018, 3, 1, 1, '2022-07-18 10:03:45', '2022-07-18 10:03:45', 0, 0, 0);
INSERT INTO `category` VALUES (3110, '服装设计', 2019, 3, 1, 1, '2022-07-18 10:03:45', '2022-07-18 10:03:45', 0, 0, 0);
INSERT INTO `category` VALUES (3111, '英语口语', 2020, 3, 1, 1, '2022-07-18 10:03:45', '2022-07-18 10:03:45', 0, 0, 0);
INSERT INTO `category` VALUES (3112, '词汇语法', 2020, 3, 1, 1, '2022-07-18 10:03:45', '2022-07-18 10:03:45', 0, 0, 0);
INSERT INTO `category` VALUES (3113, '新概念英语', 2020, 3, 1, 1, '2022-07-18 10:03:45', '2022-07-18 10:03:45', 0, 0, 0);
INSERT INTO `category` VALUES (3114, '学术英语', 2020, 3, 1, 1, '2022-07-18 10:03:45', '2022-07-18 10:03:45', 0, 0, 0);
INSERT INTO `category` VALUES (3115, '职场英语', 2020, 3, 1, 1, '2022-07-18 10:03:45', '2022-07-18 10:03:45', 0, 0, 0);
INSERT INTO `category` VALUES (3116, '雅思', 2021, 3, 1, 1, '2022-07-18 10:03:45', '2022-07-18 10:03:45', 0, 0, 0);
INSERT INTO `category` VALUES (3117, '托福', 2021, 3, 1, 1, '2022-07-18 10:03:45', '2022-07-18 10:03:45', 0, 0, 0);
INSERT INTO `category` VALUES (3119, '留学指导', 2021, 3, 1, 1, '2022-07-18 10:03:45', '2022-07-18 10:03:45', 0, 0, 0);
INSERT INTO `category` VALUES (3154, '会计职称', 2028, 3, 1, 1, '2022-07-18 10:03:44', '2022-07-18 10:03:44', 0, 0, 0);
INSERT INTO `category` VALUES (3155, '注册会计师', 2028, 3, 1, 1, '2022-07-18 10:03:44', '2022-07-18 10:03:44', 0, 0, 0);
INSERT INTO `category` VALUES (3156, '国际证书', 2028, 3, 1, 1, '2022-07-18 10:03:44', '2022-07-18 10:03:44', 0, 0, 0);
INSERT INTO `category` VALUES (3157, '金融类从业', 2028, 3, 1, 1, '2022-07-18 10:03:44', '2022-07-18 10:03:44', 0, 0, 0);
INSERT INTO `category` VALUES (3160, '实务就业', 2028, 3, 1, 1, '2022-07-18 10:03:44', '2022-07-18 10:03:44', 0, 0, 0);
INSERT INTO `category` VALUES (3161, '其他财经类考试', 2028, 3, 1, 1, '2022-07-18 10:03:44', '2022-07-18 10:03:44', 0, 0, 0);
INSERT INTO `category` VALUES (3162, '一级建造师', 2029, 3, 1, 1, '2022-07-18 10:03:44', '2022-07-18 10:03:44', 0, 0, 0);
INSERT INTO `category` VALUES (3163, '二级建造师', 2029, 3, 1, 1, '2022-07-18 10:03:44', '2022-07-18 10:03:44', 0, 0, 0);
INSERT INTO `category` VALUES (3164, '消防工程师', 2029, 3, 1, 1, '2022-07-18 10:03:44', '2022-07-18 10:03:44', 0, 0, 0);
INSERT INTO `category` VALUES (3165, '工程造价（实操）', 2029, 3, 1, 1, '2022-07-18 10:03:44', '2022-07-18 10:03:44', 0, 0, 0);
INSERT INTO `category` VALUES (3166, '工程施工（技能）', 2029, 3, 1, 1, '2022-07-18 10:03:44', '2022-07-18 10:03:44', 0, 0, 0);
INSERT INTO `category` VALUES (3167, '注册工程师', 2029, 3, 1, 1, '2022-07-18 10:03:44', '2022-07-18 10:03:44', 0, 0, 0);
INSERT INTO `category` VALUES (3191, '期权期货', 2035, 3, 1, 1, '2022-07-18 10:03:44', '2022-07-18 10:03:44', 0, 0, 0);
INSERT INTO `category` VALUES (3192, '外汇衍生', 2035, 3, 1, 1, '2022-07-18 10:03:44', '2022-07-18 10:03:44', 0, 0, 0);
INSERT INTO `category` VALUES (3193, '其他', 2035, 3, 1, 1, '2022-07-18 10:03:44', '2022-07-18 10:03:44', 0, 0, 0);
INSERT INTO `category` VALUES (3194, '心理情感', 2036, 3, 1, 1, '2022-07-18 10:03:44', '2022-07-18 10:03:44', 0, 0, 0);
INSERT INTO `category` VALUES (3195, '时尚美妆', 2036, 3, 1, 1, '2022-07-18 10:03:44', '2022-07-18 10:03:44', 0, 0, 0);
INSERT INTO `category` VALUES (3196, '家居家装', 2036, 3, 1, 1, '2022-07-18 10:03:44', '2022-07-18 10:03:44', 0, 0, 0);
INSERT INTO `category` VALUES (3200, '其他', 2036, 3, 1, 1, '2022-07-18 10:03:44', '2022-07-18 10:03:44', 0, 0, 0);
INSERT INTO `category` VALUES (3212, '执业药师', 2039, 3, 1, 1, '2022-07-18 10:03:44', '2022-07-18 10:03:44', 0, 0, 0);
INSERT INTO `category` VALUES (3213, '执业医师', 2039, 3, 1, 1, '2022-07-18 10:03:44', '2022-07-18 10:03:44', 0, 0, 0);
INSERT INTO `category` VALUES (3214, '执业护士', 2039, 3, 1, 1, '2022-07-18 10:03:44', '2022-07-18 10:03:44', 0, 0, 0);
INSERT INTO `category` VALUES (3215, '卫生资格', 2039, 3, 1, 1, '2022-07-18 10:03:44', '2022-07-18 10:03:44', 0, 0, 0);
INSERT INTO `category` VALUES (3216, '其他', 2039, 3, 1, 1, '2022-07-18 10:03:44', '2022-07-18 10:03:44', 0, 0, 0);
INSERT INTO `category` VALUES (3218, '其他', 2003, 3, 1, 1, '2022-07-18 10:03:46', '2022-07-18 10:03:46', 0, 0, 0);
INSERT INTO `category` VALUES (3220, '其他', 2005, 3, 1, 1, '2022-07-18 10:03:46', '2022-07-18 10:03:46', 0, 0, 0);
INSERT INTO `category` VALUES (3221, '人工智能', 2007, 3, 1, 1, '2022-07-18 10:03:46', '2022-07-18 10:03:46', 0, 0, 0);
INSERT INTO `category` VALUES (3222, '其他', 2008, 3, 1, 1, '2022-07-18 10:03:46', '2022-07-18 10:03:46', 0, 0, 0);
INSERT INTO `category` VALUES (3226, '其他', 2012, 3, 1, 1, '2022-07-18 10:03:46', '2022-07-18 10:03:46', 0, 0, 0);
INSERT INTO `category` VALUES (3228, '其他', 2014, 3, 1, 1, '2022-07-18 10:03:46', '2022-07-18 10:03:46', 0, 0, 0);
INSERT INTO `category` VALUES (3229, '彩铅手绘', 2015, 3, 1, 1, '2022-07-18 10:03:46', '2022-07-18 10:03:46', 0, 0, 0);
INSERT INTO `category` VALUES (3230, '其他', 2016, 3, 1, 1, '2022-07-18 10:03:46', '2022-07-18 10:03:46', 0, 0, 0);
INSERT INTO `category` VALUES (3231, '其他', 2017, 3, 1, 1, '2022-07-18 10:03:45', '2022-07-18 10:03:45', 0, 0, 0);
INSERT INTO `category` VALUES (3232, '其他', 2018, 3, 1, 1, '2022-07-18 10:03:45', '2022-07-18 10:03:45', 0, 0, 0);
INSERT INTO `category` VALUES (3233, '其他', 2019, 3, 1, 1, '2022-07-18 10:03:45', '2022-07-18 10:03:45', 0, 0, 0);
INSERT INTO `category` VALUES (3234, '其他', 2041, 3, 1, 1, '2022-07-18 10:03:46', '2022-07-18 10:03:46', 0, 0, 0);
INSERT INTO `category` VALUES (3239, '电商设计', 2011, 3, 1, 1, '2022-07-18 10:03:46', '2022-07-18 10:03:46', 0, 0, 0);
INSERT INTO `category` VALUES (3240, '嵌入式开发', 2043, 3, 1, 1, '2022-07-18 10:03:46', '2022-07-18 10:03:46', 0, 0, 0);
INSERT INTO `category` VALUES (3242, '素描', 2015, 3, 1, 1, '2022-07-18 10:03:46', '2022-07-18 10:03:46', 0, 0, 0);
INSERT INTO `category` VALUES (3243, '公务员', 2027, 3, 1, 1, '2022-07-18 10:03:44', '2022-07-18 10:03:44', 0, 0, 0);
INSERT INTO `category` VALUES (3244, '事业单位', 2027, 3, 1, 1, '2022-07-18 10:03:44', '2022-07-18 10:03:44', 0, 0, 0);
INSERT INTO `category` VALUES (3245, '教资教招', 2027, 3, 1, 1, '2022-07-18 10:03:44', '2022-07-18 10:03:44', 0, 0, 0);
INSERT INTO `category` VALUES (3246, '金融银行', 2027, 3, 1, 1, '2022-07-18 10:03:44', '2022-07-18 10:03:44', 0, 0, 0);
INSERT INTO `category` VALUES (3248, '其他招考', 2027, 3, 1, 1, '2022-07-18 10:03:44', '2022-07-18 10:03:44', 0, 0, 0);
INSERT INTO `category` VALUES (3252, '功能测试', 2006, 3, 1, 1, '2022-07-18 10:03:46', '2022-07-18 10:03:46', 0, 0, 0);
INSERT INTO `category` VALUES (3253, '其他', 2006, 3, 1, 1, '2022-07-18 10:03:46', '2022-07-18 10:03:46', 0, 0, 0);
INSERT INTO `category` VALUES (3254, '测试开发', 2006, 3, 1, 1, '2022-07-18 10:03:46', '2022-07-18 10:03:46', 0, 0, 0);
INSERT INTO `category` VALUES (3255, 'DevOps', 2005, 3, 1, 1, '2022-07-18 10:03:46', '2022-07-18 10:03:46', 0, 0, 0);
INSERT INTO `category` VALUES (3256, '法律硕士', 2046, 3, 1, 1, '2022-07-18 10:03:45', '2022-07-18 10:03:45', 0, 0, 0);
INSERT INTO `category` VALUES (3257, '法律职业资格', 2046, 3, 1, 1, '2022-07-18 10:03:45', '2022-07-18 10:03:45', 0, 0, 0);
INSERT INTO `category` VALUES (3259, '音乐基础', 2047, 3, 1, 1, '2022-07-18 10:03:44', '2022-07-18 10:03:44', 0, 0, 0);
INSERT INTO `category` VALUES (3275, '唱歌发声', 2047, 3, 1, 1, '2022-07-18 10:03:44', '2022-07-18 10:03:44', 0, 0, 0);
INSERT INTO `category` VALUES (3276, '乐器演奏', 2047, 3, 1, 1, '2022-07-18 10:03:44', '2022-07-18 10:03:44', 0, 0, 0);
INSERT INTO `category` VALUES (3278, '音乐制作', 2047, 3, 1, 1, '2022-07-18 10:03:44', '2022-07-18 10:03:44', 0, 0, 0);
INSERT INTO `category` VALUES (3279, '其他', 2047, 3, 1, 1, '2022-07-18 10:03:44', '2022-07-18 10:03:44', 0, 0, 0);
INSERT INTO `category` VALUES (3280, '法律实务', 2046, 3, 1, 1, '2022-07-18 10:03:45', '2022-07-18 10:03:45', 0, 0, 0);
INSERT INTO `category` VALUES (3283, '其他', 2046, 3, 1, 1, '2022-07-18 10:03:45', '2022-07-18 10:03:45', 0, 0, 0);
INSERT INTO `category` VALUES (3286, '舞蹈健美', 2049, 3, 1, 1, '2022-07-18 10:03:44', '2022-07-18 10:03:44', 0, 0, 0);
INSERT INTO `category` VALUES (3287, '武术格斗', 2049, 3, 1, 1, '2022-07-18 10:03:44', '2022-07-18 10:03:44', 0, 0, 0);
INSERT INTO `category` VALUES (3288, '其他', 2049, 3, 1, 1, '2022-07-18 10:03:44', '2022-07-18 10:03:44', 0, 0, 0);
INSERT INTO `category` VALUES (3291, '美食烹饪', 2036, 3, 1, 1, '2022-07-18 10:03:44', '2022-07-18 10:03:44', 0, 0, 0);
INSERT INTO `category` VALUES (3292, '动植育养', 2036, 3, 1, 1, '2022-07-18 10:03:44', '2022-07-18 10:03:44', 0, 0, 0);
INSERT INTO `category` VALUES (3297, '拼多多营销', 2010, 3, 1, 1, '2022-07-18 10:03:44', '2022-07-18 10:03:44', 0, 0, 0);
INSERT INTO `category` VALUES (3298, '妇幼课堂', 2039, 3, 1, 1, '2022-07-18 10:03:44', '2022-07-18 10:03:44', 0, 0, 0);
INSERT INTO `category` VALUES (3300, '服务器开发', 2008, 3, 1, 1, '2022-07-18 10:03:46', '2022-07-18 10:03:46', 0, 0, 0);
INSERT INTO `category` VALUES (3312, '医学升学', 2039, 3, 1, 1, '2022-07-18 10:03:44', '2022-07-18 10:03:44', 0, 0, 0);
INSERT INTO `category` VALUES (3313, '亚马逊', 2050, 3, 1, 1, '2022-07-18 10:03:44', '2022-07-18 10:03:44', 0, 0, 0);
INSERT INTO `category` VALUES (3314, '京东营销', 2010, 3, 1, 1, '2022-07-18 10:03:44', '2022-07-18 10:03:44', 0, 0, 0);
INSERT INTO `category` VALUES (3316, '其他', 2029, 3, 1, 1, '2022-07-18 10:03:44', '2022-07-18 10:03:44', 0, 0, 0);
INSERT INTO `category` VALUES (3318, 'IC设计', 2043, 3, 1, 1, '2022-07-18 10:03:46', '2022-07-18 10:03:46', 0, 0, 0);
INSERT INTO `category` VALUES (3320, '其他', 2043, 3, 1, 1, '2022-07-18 10:03:46', '2022-07-18 10:03:46', 0, 0, 0);
INSERT INTO `category` VALUES (3324, '游戏美宣', 2014, 3, 1, 1, '2022-07-18 10:03:46', '2022-07-18 10:03:46', 0, 0, 0);
INSERT INTO `category` VALUES (3333, 'Egret', 2008, 3, 1, 1, '2022-07-18 10:03:46', '2022-07-18 10:03:46', 0, 0, 0);
INSERT INTO `category` VALUES (3334, '中医技能', 2039, 3, 1, 1, '2022-07-18 10:03:44', '2022-07-18 10:03:44', 0, 0, 0);
INSERT INTO `category` VALUES (3353, '前端零基础', 2004, 3, 1, 1, '2022-07-18 10:03:46', '2022-07-18 10:03:46', 0, 0, 0);
INSERT INTO `category` VALUES (3356, '前端进阶', 2004, 3, 1, 1, '2022-07-18 10:03:46', '2022-07-18 10:03:46', 0, 0, 0);
INSERT INTO `category` VALUES (3357, '速卖通', 2050, 3, 1, 1, '2022-07-18 10:03:44', '2022-07-18 10:03:44', 0, 0, 0);
INSERT INTO `category` VALUES (3358, '阿里国际站', 2050, 3, 1, 1, '2022-07-18 10:03:44', '2022-07-18 10:03:44', 0, 0, 0);
INSERT INTO `category` VALUES (3359, '独立站', 2050, 3, 1, 1, '2022-07-18 10:03:44', '2022-07-18 10:03:44', 0, 0, 0);
INSERT INTO `category` VALUES (3360, 'Shopee(虾皮)', 2050, 3, 1, 1, '2022-07-18 10:03:44', '2022-07-18 10:03:44', 0, 0, 0);
INSERT INTO `category` VALUES (3362, '视频号电商', 2051, 3, 1, 1, '2022-07-18 10:03:44', '2022-07-18 10:03:44', 0, 0, 0);
INSERT INTO `category` VALUES (3365, 'UE4', 2008, 3, 1, 1, '2022-07-18 10:03:46', '2022-07-18 10:03:46', 0, 0, 0);
INSERT INTO `category` VALUES (3367, '健康管理师', 2039, 3, 1, 1, '2022-07-18 10:03:44', '2022-07-18 10:03:44', 0, 0, 0);
INSERT INTO `category` VALUES (3368, '外语翻译', 2020, 3, 1, 1, '2022-07-18 10:03:45', '2022-07-18 10:03:45', 0, 0, 0);
INSERT INTO `category` VALUES (3369, '服装打版', 2019, 3, 1, 1, '2022-07-18 10:03:45', '2022-07-18 10:03:45', 0, 0, 0);
INSERT INTO `category` VALUES (3370, '配饰设计', 2019, 3, 1, 1, '2022-07-18 10:03:45', '2022-07-18 10:03:45', 0, 0, 0);
INSERT INTO `category` VALUES (3371, 'Java零基础', 2002, 3, 1, 1, '2022-07-18 10:03:46', '2022-07-18 10:03:46', 0, 0, 0);
INSERT INTO `category` VALUES (3373, '动画设计', 2016, 3, 1, 1, '2022-07-18 10:03:46', '2022-07-18 10:03:46', 0, 0, 0);
INSERT INTO `category` VALUES (3374, '漫画绘本', 2015, 3, 1, 1, '2022-07-18 10:03:46', '2022-07-18 10:03:46', 0, 0, 0);
INSERT INTO `category` VALUES (3375, '其他', 2015, 3, 1, 1, '2022-07-18 10:03:46', '2022-07-18 10:03:46', 0, 0, 0);
INSERT INTO `category` VALUES (3378, '其他', 2050, 3, 1, 1, '2022-07-18 10:03:44', '2022-07-18 10:03:44', 0, 0, 0);
INSERT INTO `category` VALUES (3379, '腾讯云认证', 2009, 3, 1, 1, '2022-07-18 10:03:46', '2022-07-18 10:03:46', 0, 0, 0);
INSERT INTO `category` VALUES (3381, '其他', 2004, 3, 1, 1, '2022-07-18 10:03:46', '2022-07-18 10:03:46', 0, 0, 0);
INSERT INTO `category` VALUES (3382, '性能测试', 2006, 3, 1, 1, '2022-07-18 10:03:46', '2022-07-18 10:03:46', 0, 0, 0);
INSERT INTO `category` VALUES (3386, '其他', 2010, 3, 1, 1, '2022-07-18 10:03:44', '2022-07-18 10:03:44', 0, 0, 0);
INSERT INTO `category` VALUES (3390, 'C#/.Net', 2054, 3, 1, 1, '2022-07-18 10:03:46', '2022-07-18 10:03:46', 0, 0, 0);
INSERT INTO `category` VALUES (3391, 'C/C++', 2054, 3, 1, 1, '2022-07-18 10:03:46', '2022-07-18 10:03:46', 0, 0, 0);
INSERT INTO `category` VALUES (3392, 'PHP', 2054, 3, 1, 1, '2022-07-18 10:03:46', '2022-07-18 10:03:46', 0, 0, 0);
INSERT INTO `category` VALUES (3394, 'Go', 2054, 3, 1, 1, '2022-07-18 10:03:46', '2022-07-18 10:03:46', 0, 0, 0);
INSERT INTO `category` VALUES (3395, '其他', 2054, 3, 1, 1, '2022-07-18 10:03:46', '2022-07-18 10:03:46', 0, 0, 0);
INSERT INTO `category` VALUES (3396, '朗诵主持', 2055, 3, 1, 1, '2022-07-18 10:03:44', '2022-07-18 10:03:44', 0, 0, 0);
INSERT INTO `category` VALUES (3397, '普通话训练', 2055, 3, 1, 1, '2022-07-18 10:03:44', '2022-07-18 10:03:44', 0, 0, 0);
INSERT INTO `category` VALUES (3399, '配音', 2055, 3, 1, 1, '2022-07-18 10:03:44', '2022-07-18 10:03:44', 0, 0, 0);
INSERT INTO `category` VALUES (3400, '口才', 2055, 3, 1, 1, '2022-07-18 10:03:44', '2022-07-18 10:03:44', 0, 0, 0);
INSERT INTO `category` VALUES (3401, '其他', 2055, 3, 1, 1, '2022-07-18 10:03:44', '2022-07-18 10:03:44', 0, 0, 0);
INSERT INTO `category` VALUES (3404, '智能制造', 2018, 3, 1, 1, '2022-07-18 10:03:45', '2022-07-18 10:03:45', 0, 0, 0);
INSERT INTO `category` VALUES (3406, '数据分析', 2007, 3, 1, 1, '2022-07-18 10:03:46', '2022-07-18 10:03:46', 0, 0, 0);
INSERT INTO `category` VALUES (3407, '物联网', 2056, 3, 1, 1, '2022-07-18 10:03:46', '2022-07-18 10:03:46', 0, 0, 0);
INSERT INTO `category` VALUES (3408, 'VR/AR', 2056, 3, 1, 1, '2022-07-18 10:03:46', '2022-07-18 10:03:46', 0, 0, 0);
INSERT INTO `category` VALUES (3409, '区块链', 2056, 3, 1, 1, '2022-07-18 10:03:46', '2022-07-18 10:03:46', 0, 0, 0);
INSERT INTO `category` VALUES (3410, '云计算', 2056, 3, 1, 1, '2022-07-18 10:03:46', '2022-07-18 10:03:46', 0, 0, 0);
INSERT INTO `category` VALUES (3424, '机器学习', 2007, 3, 1, 1, '2022-07-18 10:03:46', '2022-07-18 10:03:46', 0, 0, 0);
INSERT INTO `category` VALUES (3425, '计算机视觉', 2007, 3, 1, 1, '2022-07-18 10:03:46', '2022-07-18 10:03:46', 0, 0, 0);
INSERT INTO `category` VALUES (3427, '自然语言处理(NLP)', 2007, 3, 1, 1, '2022-07-18 10:03:46', '2022-07-18 10:03:46', 0, 0, 0);
INSERT INTO `category` VALUES (3428, '安全测试', 2006, 3, 1, 1, '2022-07-18 10:03:46', '2022-07-18 10:03:46', 0, 0, 0);
INSERT INTO `category` VALUES (3429, '接口测试', 2006, 3, 1, 1, '2022-07-18 10:03:46', '2022-07-18 10:03:46', 0, 0, 0);
INSERT INTO `category` VALUES (3432, 'K8S', 2005, 3, 1, 1, '2022-07-18 10:03:46', '2022-07-18 10:03:46', 0, 0, 0);
INSERT INTO `category` VALUES (3443, '云原生', 2056, 3, 1, 1, '2022-07-18 10:03:46', '2022-07-18 10:03:46', 0, 0, 0);
INSERT INTO `category` VALUES (3444, '5G', 2056, 3, 1, 1, '2022-07-18 10:03:46', '2022-07-18 10:03:46', 0, 0, 0);
INSERT INTO `category` VALUES (3445, '量子计算', 2056, 3, 1, 1, '2022-07-18 10:03:46', '2022-07-18 10:03:46', 0, 0, 0);
INSERT INTO `category` VALUES (3447, '微软认证', 2009, 3, 1, 1, '2022-07-18 10:03:46', '2022-07-18 10:03:46', 0, 0, 0);
INSERT INTO `category` VALUES (3450, '设计软件', 2011, 3, 1, 1, '2022-07-18 10:03:46', '2022-07-18 10:03:46', 0, 0, 0);
INSERT INTO `category` VALUES (3451, '设计软件', 2012, 3, 1, 1, '2022-07-18 10:03:46', '2022-07-18 10:03:46', 0, 0, 0);
INSERT INTO `category` VALUES (3452, '设计软件', 2014, 3, 1, 1, '2022-07-18 10:03:46', '2022-07-18 10:03:46', 0, 0, 0);
INSERT INTO `category` VALUES (3453, '设计软件', 2015, 3, 1, 1, '2022-07-18 10:03:46', '2022-07-18 10:03:46', 0, 0, 0);
INSERT INTO `category` VALUES (3454, '设计软件', 2016, 3, 1, 1, '2022-07-18 10:03:45', '2022-07-18 10:03:45', 0, 0, 0);
INSERT INTO `category` VALUES (3455, '设计软件', 2017, 3, 1, 1, '2022-07-18 10:03:45', '2022-07-18 10:03:45', 0, 0, 0);
INSERT INTO `category` VALUES (3456, '设计软件', 2018, 3, 1, 1, '2022-07-18 10:03:45', '2022-07-18 10:03:45', 0, 0, 0);
INSERT INTO `category` VALUES (3457, '设计软件', 2019, 3, 1, 1, '2022-07-18 10:03:45', '2022-07-18 10:03:45', 0, 0, 0);
INSERT INTO `category` VALUES (3458, '计算机等级考试', 2009, 3, 1, 1, '2022-07-18 10:03:46', '2022-07-18 10:03:46', 0, 0, 0);
INSERT INTO `category` VALUES (3461, '计算机网络', 2057, 3, 1, 1, '2022-07-18 10:03:46', '2022-07-18 10:03:46', 0, 0, 0);
INSERT INTO `category` VALUES (3462, '操作系统', 2057, 3, 1, 1, '2022-07-18 10:03:46', '2022-07-18 10:03:46', 0, 0, 0);
INSERT INTO `category` VALUES (3468, '保险理财', 2035, 3, 1, 1, '2022-07-18 10:03:44', '2022-07-18 10:03:44', 0, 0, 0);
INSERT INTO `category` VALUES (3470, '英语四六级', 2020, 3, 1, 1, '2022-07-18 10:03:45', '2022-07-18 10:03:45', 0, 0, 0);
INSERT INTO `category` VALUES (3474, '社群营销', 2001, 3, 1, 1, '2022-07-18 10:03:46', '2022-07-18 10:03:46', 0, 0, 0);
INSERT INTO `category` VALUES (3476, '其他', 2001, 3, 1, 1, '2022-07-18 10:03:46', '2022-07-18 10:03:46', 0, 0, 0);
INSERT INTO `category` VALUES (3477, '社区工作者', 2027, 3, 1, 1, '2022-07-18 10:03:44', '2022-07-18 10:03:44', 0, 0, 0);
INSERT INTO `category` VALUES (3482, '数据库原理', 2057, 3, 1, 1, '2022-07-18 10:03:46', '2022-07-18 10:03:46', 0, 0, 0);
INSERT INTO `category` VALUES (3483, '法语', 2060, 3, 1, 1, '2022-07-18 10:03:45', '2022-07-18 10:03:45', 0, 0, 0);
INSERT INTO `category` VALUES (3484, '德语', 2060, 3, 1, 1, '2022-07-18 10:03:45', '2022-07-18 10:03:45', 0, 0, 0);
INSERT INTO `category` VALUES (3485, '西班牙语', 2060, 3, 1, 1, '2022-07-18 10:03:45', '2022-07-18 10:03:45', 0, 0, 0);
INSERT INTO `category` VALUES (3486, '多语种', 2060, 3, 1, 1, '2022-07-18 10:03:45', '2022-07-18 10:03:45', 0, 0, 0);
INSERT INTO `category` VALUES (3487, '日语入门', 2058, 3, 1, 1, '2022-07-18 10:03:45', '2022-07-18 10:03:45', 0, 0, 0);
INSERT INTO `category` VALUES (3488, '考研日语', 2058, 3, 1, 1, '2022-07-18 10:03:45', '2022-07-18 10:03:45', 0, 0, 0);
INSERT INTO `category` VALUES (3489, '日语能力考', 2058, 3, 1, 1, '2022-07-18 10:03:45', '2022-07-18 10:03:45', 0, 0, 0);
INSERT INTO `category` VALUES (3490, '韩语入门', 2059, 3, 1, 1, '2022-07-18 10:03:45', '2022-07-18 10:03:45', 0, 0, 0);
INSERT INTO `category` VALUES (3491, '韩语能力考', 2059, 3, 1, 1, '2022-07-18 10:03:45', '2022-07-18 10:03:45', 0, 0, 0);
INSERT INTO `category` VALUES (3492, '实用韩语', 2059, 3, 1, 1, '2022-07-18 10:03:45', '2022-07-18 10:03:45', 0, 0, 0);
INSERT INTO `category` VALUES (3494, '实用日语', 2058, 3, 1, 1, '2022-07-18 10:03:45', '2022-07-18 10:03:45', 0, 0, 0);
INSERT INTO `category` VALUES (3495, '粤语', 2060, 3, 1, 1, '2022-07-18 10:03:45', '2022-07-18 10:03:45', 0, 0, 0);
INSERT INTO `category` VALUES (3498, '其他', 2007, 3, 1, 1, '2022-07-18 10:03:46', '2022-07-18 10:03:46', 0, 0, 0);
INSERT INTO `category` VALUES (3504, '公安招警', 2027, 3, 1, 1, '2022-07-18 10:03:44', '2022-07-18 10:03:44', 0, 0, 0);
INSERT INTO `category` VALUES (3505, '军队文职', 2027, 3, 1, 1, '2022-07-18 10:03:44', '2022-07-18 10:03:44', 0, 0, 0);
INSERT INTO `category` VALUES (3506, '三支一扶', 2027, 3, 1, 1, '2022-07-18 10:03:45', '2022-07-18 10:03:45', 0, 0, 0);
INSERT INTO `category` VALUES (3507, 'PMP', 2009, 3, 1, 1, '2022-07-18 10:03:46', '2022-07-18 10:03:46', 0, 0, 0);
INSERT INTO `category` VALUES (3508, '竞技解说', 2055, 3, 1, 1, '2022-07-18 10:03:44', '2022-07-18 10:03:44', 0, 0, 0);
INSERT INTO `category` VALUES (3509, '其他', 2011, 3, 1, 1, '2022-07-18 10:03:46', '2022-07-18 10:03:46', 0, 0, 0);
INSERT INTO `category` VALUES (3510, '游戏电竞', 2036, 3, 1, 1, '2022-07-18 10:03:44', '2022-07-18 10:03:44', 0, 0, 0);
INSERT INTO `category` VALUES (3511, '益智', 2036, 3, 1, 1, '2022-07-18 10:03:44', '2022-07-18 10:03:44', 0, 0, 0);
INSERT INTO `category` VALUES (3512, '棋牌', 2036, 3, 1, 1, '2022-07-18 10:03:44', '2022-07-18 10:03:44', 0, 0, 0);
INSERT INTO `category` VALUES (3514, '减肥健身', 2049, 3, 1, 1, '2022-07-18 10:03:44', '2022-07-18 10:03:44', 0, 0, 0);
INSERT INTO `category` VALUES (3515, '瑜伽', 2049, 3, 1, 1, '2022-07-18 10:03:44', '2022-07-18 10:03:44', 0, 0, 0);
INSERT INTO `category` VALUES (3516, '球类运动', 2049, 3, 1, 1, '2022-07-18 10:03:44', '2022-07-18 10:03:44', 0, 0, 0);
INSERT INTO `category` VALUES (3517, '股票', 2035, 3, 1, 1, '2022-07-18 10:03:44', '2022-07-18 10:03:44', 0, 0, 0);
INSERT INTO `category` VALUES (3518, '基金', 2035, 3, 1, 1, '2022-07-18 10:03:44', '2022-07-18 10:03:44', 0, 0, 0);
INSERT INTO `category` VALUES (3522, '母婴亲子', 2036, 3, 1, 1, '2022-07-18 10:03:44', '2022-07-18 10:03:44', 0, 0, 0);
INSERT INTO `category` VALUES (3523, '鸿蒙OS', 2003, 3, 1, 1, '2022-07-18 10:03:46', '2022-07-18 10:03:46', 0, 0, 0);
INSERT INTO `category` VALUES (3524, 'IC验证', 2043, 3, 1, 1, '2022-07-18 10:03:46', '2022-07-18 10:03:46', 0, 0, 0);
INSERT INTO `category` VALUES (3533, '其他', 2057, 3, 1, 1, '2022-07-18 10:03:46', '2022-07-18 10:03:46', 0, 0, 0);
INSERT INTO `category` VALUES (3544, '数据爬虫', 2064, 3, 1, 1, '2022-07-18 10:03:46', '2022-07-18 10:03:46', 0, 0, 0);
INSERT INTO `category` VALUES (3545, '办公自动化', 2064, 3, 1, 1, '2022-07-18 10:03:46', '2022-07-18 10:03:46', 0, 0, 0);
INSERT INTO `category` VALUES (3546, 'Python开发', 2064, 3, 1, 1, '2022-07-18 10:03:46', '2022-07-18 10:03:46', 0, 0, 0);
INSERT INTO `category` VALUES (3547, 'Python其他应用', 2064, 3, 1, 1, '2022-07-18 10:03:46', '2022-07-18 10:03:46', 0, 0, 0);
INSERT INTO `category` VALUES (3554, '抖音电商', 2051, 3, 1, 1, '2022-07-18 10:03:44', '2022-07-18 10:03:44', 0, 0, 0);
INSERT INTO `category` VALUES (3555, '快手电商', 2051, 3, 1, 1, '2022-07-18 10:03:44', '2022-07-18 10:03:44', 0, 0, 0);
INSERT INTO `category` VALUES (3557, 'Tik Tok', 2050, 3, 1, 1, '2022-07-18 10:03:44', '2022-07-18 10:03:44', 0, 0, 0);
INSERT INTO `category` VALUES (3558, 'Lazada', 2050, 3, 1, 1, '2022-07-18 10:03:44', '2022-07-18 10:03:44', 0, 0, 0);
INSERT INTO `category` VALUES (3559, '执业兽医', 2039, 3, 1, 1, '2022-07-18 10:03:44', '2022-07-18 10:03:44', 0, 0, 0);
INSERT INTO `category` VALUES (3560, '专业摄影', 2069, 3, 1, 1, '2022-07-18 10:03:46', '2022-07-18 10:03:46', 0, 0, 0);
INSERT INTO `category` VALUES (3561, '手机摄影', 2069, 3, 1, 1, '2022-07-18 10:03:46', '2022-07-18 10:03:46', 0, 0, 0);
INSERT INTO `category` VALUES (3562, '摄影后期', 2069, 3, 1, 1, '2022-07-18 10:03:46', '2022-07-18 10:03:46', 0, 0, 0);
INSERT INTO `category` VALUES (3563, '其他', 2069, 3, 1, 1, '2022-07-18 10:03:46', '2022-07-18 10:03:46', 0, 0, 0);
INSERT INTO `category` VALUES (3564, 'PPT', 2070, 3, 1, 1, '2022-07-18 10:03:44', '2022-07-18 10:03:44', 0, 0, 0);
INSERT INTO `category` VALUES (3565, 'Excel', 2070, 3, 1, 1, '2022-07-18 10:03:44', '2022-07-18 10:03:44', 0, 0, 0);
INSERT INTO `category` VALUES (3566, 'Word', 2070, 3, 1, 1, '2022-07-18 10:03:44', '2022-07-18 10:03:44', 0, 0, 0);
INSERT INTO `category` VALUES (3567, '思维导图', 2070, 3, 1, 1, '2022-07-18 10:03:44', '2022-07-18 10:03:44', 0, 0, 0);
INSERT INTO `category` VALUES (3570, '汽车维修', 2071, 3, 1, 1, '2022-07-18 10:03:44', '2022-07-18 10:03:44', 0, 0, 0);
INSERT INTO `category` VALUES (3571, '电工电气', 2071, 3, 1, 1, '2022-07-18 10:03:44', '2022-07-18 10:03:44', 0, 0, 0);
INSERT INTO `category` VALUES (3572, '美容美发', 2071, 3, 1, 1, '2022-07-18 10:03:44', '2022-07-18 10:03:44', 0, 0, 0);
INSERT INTO `category` VALUES (3573, '其他', 2071, 3, 1, 1, '2022-07-18 10:03:44', '2022-07-18 10:03:44', 0, 0, 0);
INSERT INTO `category` VALUES (3578, '书法', 2036, 3, 1, 1, '2022-07-18 10:03:44', '2022-07-18 10:03:44', 0, 0, 0);
INSERT INTO `category` VALUES (3579, '产品经理', 2066, 3, 1, 1, '2022-07-18 10:03:46', '2022-07-18 10:03:46', 0, 0, 0);
INSERT INTO `category` VALUES (3580, '游戏策划', 2066, 3, 1, 1, '2022-07-18 10:03:46', '2022-07-18 10:03:46', 0, 0, 0);
INSERT INTO `category` VALUES (3581, '规划指导', 2068, 3, 1, 1, '2022-07-18 10:03:45', '2022-07-18 10:03:45', 0, 0, 0);
INSERT INTO `category` VALUES (3582, '考研英语', 2068, 3, 1, 1, '2022-07-18 10:03:45', '2022-07-18 10:03:45', 0, 0, 0);
INSERT INTO `category` VALUES (3583, '考研政治', 2068, 3, 1, 1, '2022-07-18 10:03:45', '2022-07-18 10:03:45', 0, 0, 0);
INSERT INTO `category` VALUES (3584, '考研数学', 2068, 3, 1, 1, '2022-07-18 10:03:45', '2022-07-18 10:03:45', 0, 0, 0);
INSERT INTO `category` VALUES (3585, '管综', 2068, 3, 1, 1, '2022-07-18 10:03:45', '2022-07-18 10:03:45', 0, 0, 0);
INSERT INTO `category` VALUES (3586, '专业课', 2068, 3, 1, 1, '2022-07-18 10:03:45', '2022-07-18 10:03:45', 0, 0, 0);
INSERT INTO `category` VALUES (3587, '其他', 2068, 3, 1, 1, '2022-07-18 10:03:45', '2022-07-18 10:03:45', 0, 0, 0);
INSERT INTO `category` VALUES (3588, '短视频制作', 2016, 3, 1, 1, '2022-07-18 10:03:45', '2022-07-18 10:03:45', 0, 0, 0);
INSERT INTO `category` VALUES (3590, '新媒体运营', 2001, 3, 1, 1, '2022-07-18 10:03:46', '2022-07-18 10:03:46', 0, 0, 0);
INSERT INTO `category` VALUES (3591, '文学', 2073, 3, 1, 1, '2022-07-18 10:03:44', '2022-07-18 10:03:44', 0, 0, 0);
INSERT INTO `category` VALUES (3594, '其他', 2073, 3, 1, 1, '2022-07-18 10:03:44', '2022-07-18 10:03:44', 0, 0, 0);
INSERT INTO `category` VALUES (3595, '手工手艺', 2036, 3, 1, 1, '2022-07-18 10:03:44', '2022-07-18 10:03:44', 0, 0, 0);
INSERT INTO `category` VALUES (3609, '人际沟通', 2077, 3, 1, 1, '2022-07-18 10:03:44', '2022-07-18 10:03:44', 0, 0, 0);
INSERT INTO `category` VALUES (3612, '领导力', 2077, 3, 1, 1, '2022-07-18 10:03:44', '2022-07-18 10:03:44', 0, 0, 0);
INSERT INTO `category` VALUES (3614, '职业规划', 2078, 3, 1, 1, '2022-07-18 10:03:44', '2022-07-18 10:03:44', 0, 0, 0);
INSERT INTO `category` VALUES (3615, '面试简历', 2078, 3, 1, 1, '2022-07-18 10:03:44', '2022-07-18 10:03:44', 0, 0, 0);
INSERT INTO `category` VALUES (3621, '自考', 2079, 3, 1, 1, '2022-07-18 10:03:45', '2022-07-18 10:03:45', 0, 0, 0);
INSERT INTO `category` VALUES (3622, '专升本', 2079, 3, 1, 1, '2022-07-18 10:03:45', '2022-07-18 10:03:45', 0, 0, 0);
INSERT INTO `category` VALUES (3623, '成考高起专/高起本', 2079, 3, 1, 1, '2022-07-18 10:03:45', '2022-07-18 10:03:45', 0, 0, 0);
INSERT INTO `category` VALUES (3624, '大学学科', 2079, 3, 1, 1, '2022-07-18 10:03:45', '2022-07-18 10:03:45', 0, 0, 0);
INSERT INTO `category` VALUES (3625, '公共课', 2079, 3, 1, 1, '2022-07-18 10:03:45', '2022-07-18 10:03:45', 0, 0, 0);
INSERT INTO `category` VALUES (3626, '其他', 2051, 3, 1, 1, '2022-07-18 10:03:44', '2022-07-18 10:03:44', 0, 0, 0);
INSERT INTO `category` VALUES (3627, '其他', 2070, 3, 1, 1, '2022-07-18 10:03:44', '2022-07-18 10:03:44', 0, 0, 0);
INSERT INTO `category` VALUES (3628, '编剧写作', 2036, 3, 1, 1, '2022-07-18 10:03:44', '2022-07-18 10:03:44', 0, 0, 0);
INSERT INTO `category` VALUES (3629, '种植', 2080, 3, 1, 1, '2022-07-18 10:03:44', '2022-07-18 10:03:44', 0, 0, 0);
INSERT INTO `category` VALUES (3630, '畜牧养殖', 2080, 3, 1, 1, '2022-07-18 10:03:44', '2022-07-18 10:03:44', 0, 0, 0);
INSERT INTO `category` VALUES (3631, '学术科研', 2071, 3, 1, 1, '2022-07-18 10:03:44', '2022-07-18 10:03:44', 0, 0, 0);
INSERT INTO `category` VALUES (3643, '企业管理', 2085, 3, 1, 1, '2022-07-18 10:03:44', '2022-07-18 10:03:44', 0, 0, 0);
INSERT INTO `category` VALUES (3644, '人才培养', 2085, 3, 1, 1, '2022-07-18 10:03:44', '2022-07-18 10:03:44', 0, 0, 0);
INSERT INTO `category` VALUES (3645, '研发岗位', 2086, 3, 1, 1, '2022-07-18 10:03:44', '2022-07-18 10:03:44', 0, 0, 0);
INSERT INTO `category` VALUES (3646, '数据岗位', 2086, 3, 1, 1, '2022-07-18 10:03:44', '2022-07-18 10:03:44', 0, 0, 0);
INSERT INTO `category` VALUES (3647, '产品岗位', 2086, 3, 1, 1, '2022-07-18 10:03:44', '2022-07-18 10:03:44', 0, 0, 0);
INSERT INTO `category` VALUES (3648, '供应链岗位', 2086, 3, 1, 1, '2022-07-18 10:03:44', '2022-07-18 10:03:44', 0, 0, 0);
INSERT INTO `category` VALUES (3649, '销售岗位', 2086, 3, 1, 1, '2022-07-18 10:03:44', '2022-07-18 10:03:44', 0, 0, 0);
INSERT INTO `category` VALUES (3650, '营销岗位', 2086, 3, 1, 1, '2022-07-18 10:03:44', '2022-07-18 10:03:44', 0, 0, 0);
INSERT INTO `category` VALUES (3651, '客服岗位', 2086, 3, 1, 1, '2022-07-18 10:03:44', '2022-07-18 10:03:44', 0, 0, 0);
INSERT INTO `category` VALUES (3652, '设计岗位', 2086, 3, 1, 1, '2022-07-18 10:03:44', '2022-07-18 10:03:44', 0, 0, 0);
INSERT INTO `category` VALUES (3653, '办公效率', 2087, 3, 1, 1, '2022-07-18 10:03:44', '2022-07-18 10:03:44', 0, 0, 0);
INSERT INTO `category` VALUES (3654, '人脉社交', 2087, 3, 1, 1, '2022-07-18 10:03:44', '2022-07-18 10:03:44', 0, 0, 0);
INSERT INTO `category` VALUES (3655, '其他', 2087, 3, 1, 1, '2022-07-18 10:03:44', '2022-07-18 10:03:44', 0, 0, 0);

-- ----------------------------
-- Table structure for course
-- ----------------------------
DROP TABLE IF EXISTS `course`;
CREATE TABLE `course`  (
  `id` bigint NOT NULL COMMENT '课程草稿id，对应正式草稿id',
  `name` varchar(80) CHARACTER SET utf8mb4 COLLATE utf8mb4_0900_ai_ci NOT NULL COMMENT '课程名称',
  `course_type` tinyint NOT NULL DEFAULT 2 COMMENT '课程类型，1：直播课，2：录播课',
  `cover_url` varchar(255) CHARACTER SET utf8mb4 COLLATE utf8mb4_0900_ai_ci NOT NULL COMMENT '封面链接',
  `first_cate_id` bigint NOT NULL COMMENT '一级课程分类id',
  `second_cate_id` bigint NOT NULL DEFAULT 0 COMMENT '二级课程分类id',
  `third_cate_id` bigint NOT NULL DEFAULT 0 COMMENT '三级课程分类id',
  `free` tinyint NOT NULL DEFAULT 0 COMMENT '售卖方式0付费，1：免费',
  `price` int NOT NULL COMMENT '课程价格，单位为分',
  `template_type` tinyint NOT NULL DEFAULT 1 COMMENT '模板类型，1：固定模板，2：自定义模板',
  `template_url` varchar(255) CHARACTER SET utf8mb4 COLLATE utf8mb4_0900_ai_ci NOT NULL DEFAULT '' COMMENT '自定义模板的连接',
  `status` tinyint NOT NULL COMMENT '课程状态，1：待上架，2：已上架，3：下架，4：已完结',
  `purchase_start_time` datetime NULL DEFAULT NULL COMMENT '课程购买有效期开始时间',
  `purchase_end_time` datetime NOT NULL COMMENT '课程购买有效期结束时间',
  `step` tinyint NOT NULL COMMENT '信息填写进度',
  `score` int NULL DEFAULT 0 COMMENT '课程评价得分，45代表4.5星',
  `media_duration` int(10) UNSIGNED ZEROFILL NULL DEFAULT NULL COMMENT '课程总时长',
  `valid_duration` int NOT NULL COMMENT '课程有效期，单位月',
  `section_num` int NULL DEFAULT NULL COMMENT '课程总节数，包括练习',
  `dep_id` bigint NOT NULL COMMENT '部门id',
  `publish_times` int NULL DEFAULT 1 COMMENT '发布次数',
  `publish_time` datetime NULL DEFAULT NULL COMMENT '最近一次发布时间',
  `create_time` datetime NOT NULL DEFAULT CURRENT_TIMESTAMP COMMENT '创建时间',
  `update_time` datetime NOT NULL DEFAULT CURRENT_TIMESTAMP ON UPDATE CURRENT_TIMESTAMP COMMENT '更新时间',
  `creater` bigint NOT NULL COMMENT '创建人',
  `updater` bigint NOT NULL COMMENT '更新人',
  `deleted` tinyint NOT NULL DEFAULT 0 COMMENT '逻辑删除',
  PRIMARY KEY (`id`) USING BTREE
) ENGINE = InnoDB CHARACTER SET = utf8mb4 COLLATE = utf8mb4_0900_ai_ci COMMENT = '草稿课程' ROW_FORMAT = Dynamic;

-- ----------------------------
-- Records of course
-- ----------------------------
INSERT INTO `course` VALUES (1, '课程1', 2, '/img-tx/default-cover-url.jpg', 1001, 2001, 3003, 0, 100, 1, '', 2, '2022-07-23 16:46:33', '2023-12-23 16:46:38', 5, 0, 0000000000, 12, 12, 0, 1, '2022-07-22 16:47:50', '2022-07-22 16:48:11', '2023-03-21 20:06:59', 1, 1, 0);
INSERT INTO `course` VALUES (2, '课程2', 2, '/img-tx/default-cover-url.jpg', 1001, 2001, 3003, 0, 100, 1, '', 2, '2022-07-23 16:46:33', '2023-12-23 16:46:38', 5, 0, 0000002904, 12, 12, 0, 1, '2022-07-22 16:47:50', '2022-07-22 16:48:11', '2023-03-21 20:07:01', 1, 1, 0);
INSERT INTO `course` VALUES (3, '课程3', 2, '/img-tx/default-cover-url.jpg', 1001, 2001, 3003, 0, 50, 1, '', 2, '2022-07-23 16:46:33', '2023-12-30 16:46:38', 5, 47, 0000002904, 12, 12, 0, 2, '2023-04-11 15:42:00', '2022-07-22 16:48:11', '2023-04-11 15:41:54', 1, 1, 0);
INSERT INTO `course` VALUES (4, '课程4', 2, '/img-tx/default-cover-url.jpg', 1001, 2001, 3003, 0, 50, 1, '', 2, '2022-07-23 16:46:33', '2023-12-23 16:46:38', 5, 0, 0000000000, 12, 12, 0, 1, '2022-07-22 16:47:50', '2022-07-22 16:48:11', '2023-03-21 20:07:06', 1, 1, 0);
INSERT INTO `course` VALUES (5, '课程5', 2, '/img-tx/default-cover-url.jpg', 1001, 2001, 3003, 0, 10000, 1, '', 2, '2022-07-23 16:46:33', '2023-12-23 16:46:38', 5, 0, 0000000000, 12, 12, 0, 1, '2022-07-22 16:47:50', '2022-07-22 16:48:11', '2023-03-21 20:07:08', 1, 1, 0);
INSERT INTO `course` VALUES (6, '课程6', 2, '/img-tx/2038c3f18e434710a220d604ae94a5fa.png', 1001, 2001, 3003, 0, 10000, 1, '', 2, '2022-07-23 16:46:33', '2023-12-23 16:46:38', 5, 45, 0000003695, 12, 15, 0, 3, '2023-04-13 21:07:10', '2022-07-22 16:48:11', '2023-04-13 21:06:09', 1, 1, 0);
INSERT INTO `course` VALUES (7, '课程7', 2, '/img-tx/default-cover-url.jpg', 1001, 2001, 3003, 0, 10000, 1, '', 2, '2022-07-23 16:46:33', '2023-12-23 16:46:38', 5, 0, 0000360000, 12, 12, 0, 1, '2022-07-22 16:47:50', '2022-07-22 16:48:11', '2023-03-21 20:07:12', 1, 1, 0);
INSERT INTO `course` VALUES (8, '课程8', 2, '/img-tx/default-cover-url.jpg', 1001, 2001, 3003, 0, 10000, 1, '', 3, '2022-07-23 16:46:33', '2023-12-23 16:46:38', 5, 45, 0000000000, 12, 12, 0, 3, '2022-11-11 17:13:40', '2022-07-22 16:48:11', '2023-03-23 08:53:46', 1, 1, 0);
INSERT INTO `course` VALUES (9, '课程9', 2, '/img-tx/default-cover-url.jpg', 1001, 2001, 3003, 0, 10000, 1, '', 3, '2022-07-23 16:46:33', '2023-12-23 16:46:38', 5, 47, 0000000000, 12, 12, 0, 4, '2022-11-11 17:37:32', '2022-07-22 16:48:11', '2023-03-23 08:53:43', 1, 1, 0);
INSERT INTO `course` VALUES (10, '木老师的吉他入门', 2, '/img-tx/b25770f057584cc9b07b009413de6168.jpeg', 1006, 2047, 3276, 0, 10000, 1, '', 2, '2022-07-23 16:46:33', '2023-12-23 16:46:38', 5, 49, 0000000000, 12, 12, 0, 2, '2023-03-23 09:06:40', '2022-07-22 16:48:11', '2023-03-23 09:12:09', 1, 1, 0);
INSERT INTO `course` VALUES (1549025085494521857, 'java泛型', 2, '/img-tx/default-cover-url.jpg', 1001, 2002, 3007, 1, 0, 1, '', 2, '2022-08-01 12:00:00', '2023-08-04 10:00:00', 5, 47, 0000000000, 12, 10, 0, 2, '2022-11-06 21:15:06', '2022-07-18 21:35:34', '2022-11-06 21:15:01', 1, 1, 0);
INSERT INTO `course` VALUES (1552558707325374467, '前端工程师2022版12', 2, '/img-tx/d15c718da3a24343b57b06becd79a032.jpg', 1001, 2004, 3381, 0, 32900, 1, '', 2, '2022-08-03 00:00:00', '2023-08-03 00:00:00', 5, 49, 0000002525, 34, 8, 0, 6, '2023-03-23 09:14:02', '2022-07-31 21:23:50', '2023-03-23 09:13:49', 1, 1, 0);
INSERT INTO `course` VALUES (1589888774267072513, 'Java程序员的前端课程', 2, '/img-tx/02161b44d8bb42ab9d39e7a459d2f10b.jpg', 1001, 2004, 3381, 0, 14900, 1, '', 2, NULL, '2024-01-01 00:00:00', 5, 47, 0000003918, 9999, 10, 0, 3, '2023-03-23 08:57:28', '2022-11-08 15:53:17', '2023-03-23 08:56:53', 1, 1, 0);
INSERT INTO `course` VALUES (1589905661084430337, '可能是史上最全的微服务技术栈课程', 2, '/img-tx/dafa5df0b10146a6881d3f26e1d091c4.jpg', 1001, 2054, 3395, 0, 19900, 1, '', 2, NULL, '2025-11-01 00:00:00', 5, 43, 0000001866, 9999, 5, 0, 2, '2023-03-23 08:56:44', '2022-11-08 17:00:23', '2023-03-23 08:53:06', 1, 1, 0);

-- ----------------------------
-- Table structure for course_cata_subject_draft
-- ----------------------------
DROP TABLE IF EXISTS `course_cata_subject_draft`;
CREATE TABLE `course_cata_subject_draft`  (
  `id` bigint NOT NULL AUTO_INCREMENT COMMENT '小节题目关系id',
  `course_id` bigint NULL DEFAULT NULL,
  `cata_id` bigint NOT NULL COMMENT '小节id',
  `subject_id` bigint NOT NULL COMMENT '题目id',
  PRIMARY KEY (`id`) USING BTREE
) ENGINE = InnoDB AUTO_INCREMENT = 118 CHARACTER SET = utf8mb4 COLLATE = utf8mb4_0900_ai_ci COMMENT = '课程-题目关系表草稿' ROW_FORMAT = Dynamic;

-- ----------------------------
-- Records of course_cata_subject_draft
-- ----------------------------
INSERT INTO `course_cata_subject_draft` VALUES (90, 9, 118, 1561505580659625985);
INSERT INTO `course_cata_subject_draft` VALUES (91, 9, 118, 1561507025660268546);
INSERT INTO `course_cata_subject_draft` VALUES (92, 8, 105, 1561505580659625985);
INSERT INTO `course_cata_subject_draft` VALUES (93, 8, 105, 1561507025660268546);

-- ----------------------------
-- Table structure for course_catalogue
-- ----------------------------
DROP TABLE IF EXISTS `course_catalogue`;
CREATE TABLE `course_catalogue`  (
  `id` bigint NOT NULL COMMENT '课程目录id',
  `name` varchar(255) CHARACTER SET utf8mb4 COLLATE utf8mb4_0900_ai_ci NOT NULL COMMENT '目录名称',
  `trailer` tinyint NOT NULL DEFAULT 0 COMMENT '是否支持试看',
  `course_id` bigint NOT NULL COMMENT '课程id',
  `type` tinyint NOT NULL COMMENT '目录类型1：章，2：节，3：测试',
  `parent_catalogue_id` bigint NOT NULL DEFAULT 0 COMMENT '所属章id，只有小节和测试有该值，章没有，章默认为0',
  `media_id` bigint NOT NULL DEFAULT 0 COMMENT '媒资id',
  `video_id` bigint NULL DEFAULT NULL COMMENT '视频id',
  `video_name` varchar(255) CHARACTER SET utf8mb4 COLLATE utf8mb4_0900_ai_ci NOT NULL DEFAULT '' COMMENT '视频名称',
  `living_start_time` datetime NULL DEFAULT NULL COMMENT '直播开始时间',
  `living_end_time` datetime NULL DEFAULT NULL COMMENT '直播结束时间',
  `play_back` tinyint NOT NULL DEFAULT 0 COMMENT '是否支持回放',
  `media_duration` int NOT NULL DEFAULT 0 COMMENT '视频时长，以秒为单位',
  `c_index` int NOT NULL DEFAULT 0 COMMENT '用于章节排序',
  `dep_id` bigint NOT NULL COMMENT '部门id',
  `create_time` datetime NOT NULL DEFAULT CURRENT_TIMESTAMP COMMENT '创建时间',
  `update_time` datetime NOT NULL DEFAULT CURRENT_TIMESTAMP COMMENT '更新时间',
  `creater` bigint NOT NULL DEFAULT 0 COMMENT '创建人',
  `updater` bigint NOT NULL DEFAULT 0 COMMENT '更新人',
  `deleted` tinyint NOT NULL DEFAULT 0 COMMENT '逻辑删除',
  PRIMARY KEY (`id`) USING BTREE
) ENGINE = InnoDB CHARACTER SET = utf8mb4 COLLATE = utf8mb4_0900_ai_ci COMMENT = '目录草稿' ROW_FORMAT = Dynamic;

-- ----------------------------
-- Records of course_catalogue
-- ----------------------------
INSERT INTO `course_catalogue` VALUES (2, '第一章 带你玩', 1, 1, 1, 0, 1, 1, '17.Redis网络模型-阻塞IO', '2022-07-20 09:26:59', '2022-07-20 09:27:03', 0, 264, 1, 1, '2022-07-20 09:27:15', '2022-07-20 09:27:18', 1, 1, 0);
INSERT INTO `course_catalogue` VALUES (3, '第一章 带你玩-第1课', 1, 1, 2, 2, 1, 1, '17.Redis网络模型-阻塞IO', '2022-07-20 09:26:59', '2022-07-20 09:27:03', 0, 264, 1, 1, '2022-07-20 09:27:15', '2022-07-20 09:27:18', 1, 1, 0);
INSERT INTO `course_catalogue` VALUES (4, '第一章 带你玩-第2课', 1, 1, 2, 2, 1, 1, '17.Redis网络模型-阻塞IO', '2022-07-20 09:26:59', '2022-07-20 09:27:03', 0, 264, 2, 1, '2022-07-20 09:27:15', '2022-07-20 09:27:18', 1, 1, 0);
INSERT INTO `course_catalogue` VALUES (5, '第一章 带你玩-第3课', 0, 1, 2, 2, 1, 1, '17.Redis网络模型-阻塞IO', '2022-07-20 09:26:59', '2022-07-20 09:27:03', 0, 264, 3, 1, '2022-07-20 09:27:15', '2022-07-20 09:27:18', 1, 1, 0);
INSERT INTO `course_catalogue` VALUES (6, '第一章 带你玩-第4课', 0, 1, 2, 2, 1, 1, '1', '2022-07-20 09:26:59', '2022-07-20 09:27:03', 0, 264, 4, 1, '2022-07-20 09:27:15', '2022-07-20 09:27:18', 1, 1, 0);
INSERT INTO `course_catalogue` VALUES (7, '第一章 带你玩-第5课', 0, 1, 2, 2, 1, 1, '1', '2022-07-20 09:26:59', '2022-07-20 09:27:03', 0, 264, 5, 1, '2022-07-20 09:27:15', '2022-07-20 09:27:18', 1, 1, 0);
INSERT INTO `course_catalogue` VALUES (8, '第一章 带你玩-第6课', 0, 1, 2, 2, 1, 1, '1', '2022-07-20 09:26:59', '2022-07-20 09:27:03', 0, 264, 6, 1, '2022-07-20 09:27:15', '2022-07-20 09:27:18', 1, 1, 0);
INSERT INTO `course_catalogue` VALUES (9, '第一章 带你玩-第7课', 1, 1, 2, 2, 1, 1, '1', '2022-07-20 09:26:59', '2022-07-20 09:27:03', 0, 264, 7, 1, '2022-07-20 09:27:15', '2022-07-20 09:27:18', 1, 1, 0);
INSERT INTO `course_catalogue` VALUES (10, '第一章 带你玩-第8课', 1, 1, 2, 2, 1, 1, '1', '2022-07-20 09:26:59', '2022-07-20 09:27:03', 0, 264, 8, 1, '2022-07-20 09:27:15', '2022-07-20 09:27:18', 1, 1, 0);
INSERT INTO `course_catalogue` VALUES (11, '第一章 带你玩-第9课', 1, 1, 2, 2, 1, 1, '1', '2022-07-20 09:26:59', '2022-07-20 09:27:03', 0, 264, 9, 1, '2022-07-20 09:27:15', '2022-07-20 09:27:18', 1, 1, 0);
INSERT INTO `course_catalogue` VALUES (12, '第一章 带你玩-第10课', 1, 1, 2, 2, 1, 1, '1', '2022-07-20 09:26:59', '2022-07-20 09:27:03', 0, 264, 10, 1, '2022-07-20 09:27:15', '2022-07-20 09:27:18', 1, 1, 0);
INSERT INTO `course_catalogue` VALUES (13, '第一章 带你玩-第11课', 1, 1, 2, 2, 1, 1, '1', '2022-07-20 09:26:59', '2022-07-20 09:27:03', 0, 264, 11, 1, '2022-07-20 09:27:15', '2022-07-20 09:27:18', 1, 1, 0);
INSERT INTO `course_catalogue` VALUES (14, '第一章 总结练习', 0, 1, 3, 2, 1, 1, '1', '2022-07-20 09:26:59', '2022-07-20 09:27:03', 0, 264, 12, 1, '2022-07-20 09:27:15', '2022-07-20 09:27:18', 1, 1, 0);
INSERT INTO `course_catalogue` VALUES (15, '第一章 带你玩', 0, 2, 1, 0, 1, 1, '1', '2022-07-20 09:26:59', '2022-07-20 09:27:03', 0, 264, 1, 1, '2022-07-20 09:27:15', '2022-07-20 09:27:18', 1, 1, 0);
INSERT INTO `course_catalogue` VALUES (16, '第一章 带你玩-第1课', 1, 2, 2, 15, 1, 1, '1', '2022-07-20 09:26:59', '2022-07-20 09:27:03', 0, 264, 1, 1, '2022-07-20 09:27:15', '2022-07-20 09:27:18', 1, 1, 0);
INSERT INTO `course_catalogue` VALUES (17, '第一章 带你玩-第2课', 1, 2, 2, 15, 1, 1, '1', '2022-07-20 09:26:59', '2022-07-20 09:27:03', 0, 264, 2, 1, '2022-07-20 09:27:15', '2022-07-20 09:27:18', 1, 1, 0);
INSERT INTO `course_catalogue` VALUES (18, '第一章 带你玩-第3课', 0, 2, 2, 15, 1, 1, '1', '2022-07-20 09:26:59', '2022-07-20 09:27:03', 0, 264, 3, 1, '2022-07-20 09:27:15', '2022-07-20 09:27:18', 1, 1, 0);
INSERT INTO `course_catalogue` VALUES (19, '第一章 带你玩-第4课', 0, 2, 2, 15, 1, 1, '1', '2022-07-20 09:26:59', '2022-07-20 09:27:03', 0, 264, 4, 1, '2022-07-20 09:27:15', '2022-07-20 09:27:18', 1, 1, 0);
INSERT INTO `course_catalogue` VALUES (20, '第一章 带你玩-第5课', 0, 2, 2, 15, 1, 1, '1', '2022-07-20 09:26:59', '2022-07-20 09:27:03', 0, 264, 5, 1, '2022-07-20 09:27:15', '2022-07-20 09:27:18', 1, 1, 0);
INSERT INTO `course_catalogue` VALUES (21, '第一章 带你玩-第6课', 0, 2, 2, 15, 1, 1, '1', '2022-07-20 09:26:59', '2022-07-20 09:27:03', 0, 264, 6, 1, '2022-07-20 09:27:15', '2022-07-20 09:27:18', 1, 1, 0);
INSERT INTO `course_catalogue` VALUES (22, '第一章 带你玩-第7课', 0, 2, 2, 15, 1, 1, '1', '2022-07-20 09:26:59', '2022-07-20 09:27:03', 0, 264, 7, 1, '2022-07-20 09:27:15', '2022-07-20 09:27:18', 1, 1, 0);
INSERT INTO `course_catalogue` VALUES (23, '第一章 带你玩-第8课', 0, 2, 2, 15, 1, 1, '1', '2022-07-20 09:26:59', '2022-07-20 09:27:03', 0, 264, 8, 1, '2022-07-20 09:27:15', '2022-07-20 09:27:18', 1, 1, 0);
INSERT INTO `course_catalogue` VALUES (24, '第一章 带你玩-第9课', 0, 2, 2, 15, 1, 1, '1', '2022-07-20 09:26:59', '2022-07-20 09:27:03', 0, 264, 9, 1, '2022-07-20 09:27:15', '2022-07-20 09:27:18', 1, 1, 0);
INSERT INTO `course_catalogue` VALUES (25, '第一章 带你玩-第10课', 0, 2, 2, 15, 1, 1, '1', '2022-07-20 09:26:59', '2022-07-20 09:27:03', 0, 264, 10, 1, '2022-07-20 09:27:15', '2022-07-20 09:27:18', 1, 1, 0);
INSERT INTO `course_catalogue` VALUES (26, '第一章 带你玩-第11课', 0, 2, 2, 15, 1, 1, '1', '2022-07-20 09:26:59', '2022-07-20 09:27:03', 0, 264, 11, 1, '2022-07-20 09:27:15', '2022-07-20 09:27:18', 1, 1, 0);
INSERT INTO `course_catalogue` VALUES (27, '第一章 总结练习', 0, 2, 3, 15, 1, 1, '1', '2022-07-20 09:26:59', '2022-07-20 09:27:03', 0, 0, 12, 1, '2022-07-20 09:27:15', '2022-07-20 09:27:18', 1, 1, 0);
INSERT INTO `course_catalogue` VALUES (28, '第一章 带你玩', 0, 3, 1, 0, 1, 1, '1', '2022-07-20 09:26:59', '2022-07-20 09:27:03', 0, 0, 1, 1, '2022-07-20 09:27:15', '2022-07-20 09:27:18', 1, 1, 0);
INSERT INTO `course_catalogue` VALUES (29, '第一章 带你玩-第1课', 1, 3, 2, 28, 1, 1, '1', '2022-07-20 09:26:59', '2022-07-20 09:27:03', 0, 264, 1, 1, '2022-07-20 09:27:15', '2022-07-20 09:27:18', 1, 1, 0);
INSERT INTO `course_catalogue` VALUES (30, '第一章 带你玩-第2课', 0, 3, 2, 28, 1, 1, '1', '2022-07-20 09:26:59', '2022-07-20 09:27:03', 0, 264, 2, 1, '2022-07-20 09:27:15', '2022-07-20 09:27:18', 1, 1, 0);
INSERT INTO `course_catalogue` VALUES (31, '第一章 带你玩-第3课', 0, 3, 2, 28, 1, 1, '1', '2022-07-20 09:26:59', '2022-07-20 09:27:03', 0, 264, 3, 1, '2022-07-20 09:27:15', '2022-07-20 09:27:18', 1, 1, 0);
INSERT INTO `course_catalogue` VALUES (32, '第一章 带你玩-第4课', 0, 3, 2, 28, 1, 1, '1', '2022-07-20 09:26:59', '2022-07-20 09:27:03', 0, 264, 4, 1, '2022-07-20 09:27:15', '2022-07-20 09:27:18', 1, 1, 0);
INSERT INTO `course_catalogue` VALUES (33, '第一章 带你玩-第5课', 0, 3, 2, 28, 1, 1, '1', '2022-07-20 09:26:59', '2022-07-20 09:27:03', 0, 264, 5, 1, '2022-07-20 09:27:15', '2022-07-20 09:27:18', 1, 1, 0);
INSERT INTO `course_catalogue` VALUES (34, '第一章 带你玩-第6课', 0, 3, 2, 28, 1, 1, '1', '2022-07-20 09:26:59', '2022-07-20 09:27:03', 0, 264, 6, 1, '2022-07-20 09:27:15', '2022-07-20 09:27:18', 1, 1, 0);
INSERT INTO `course_catalogue` VALUES (35, '第一章 带你玩-第7课', 0, 3, 2, 28, 1, 1, '1', '2022-07-20 09:26:59', '2022-07-20 09:27:03', 0, 264, 7, 1, '2022-07-20 09:27:15', '2022-07-20 09:27:18', 1, 1, 0);
INSERT INTO `course_catalogue` VALUES (36, '第一章 带你玩-第8课', 0, 3, 2, 28, 1, 1, '1', '2022-07-20 09:26:59', '2022-07-20 09:27:03', 0, 264, 8, 1, '2022-07-20 09:27:15', '2022-07-20 09:27:18', 1, 1, 0);
INSERT INTO `course_catalogue` VALUES (37, '第一章 带你玩-第9课', 0, 3, 2, 28, 1, 1, '1', '2022-07-20 09:26:59', '2022-07-20 09:27:03', 0, 264, 9, 1, '2022-07-20 09:27:15', '2022-07-20 09:27:18', 1, 1, 0);
INSERT INTO `course_catalogue` VALUES (38, '第一章 带你玩-第10课', 0, 3, 2, 28, 1, 1, '1', '2022-07-20 09:26:59', '2022-07-20 09:27:03', 0, 264, 10, 1, '2022-07-20 09:27:15', '2022-07-20 09:27:18', 1, 1, 0);
INSERT INTO `course_catalogue` VALUES (39, '第一章 带你玩-第11课', 0, 3, 2, 28, 1, 1, '1', '2022-07-20 09:26:59', '2022-07-20 09:27:03', 0, 264, 11, 1, '2022-07-20 09:27:15', '2022-07-20 09:27:18', 1, 1, 0);
INSERT INTO `course_catalogue` VALUES (40, '第一章 总结练习', 0, 3, 3, 28, 1, 1, '1', '2022-07-20 09:26:59', '2022-07-20 09:27:03', 0, 0, 12, 1, '2022-07-20 09:27:15', '2022-07-20 09:27:18', 1, 1, 0);
INSERT INTO `course_catalogue` VALUES (41, '第一章 带你玩', 1, 4, 1, 0, 1, 1, '1', '2022-07-20 09:26:59', '2022-07-20 09:27:03', 0, 0, 1, 1, '2022-07-20 09:27:15', '2022-07-20 09:27:18', 1, 1, 0);
INSERT INTO `course_catalogue` VALUES (42, '第一章 带你玩-第1课', 1, 4, 2, 41, 1, 1, '1', '2022-07-20 09:26:59', '2022-07-20 09:27:03', 0, 0, 1, 1, '2022-07-20 09:27:15', '2022-07-20 09:27:18', 1, 1, 0);
INSERT INTO `course_catalogue` VALUES (43, '第一章 带你玩-第2课', 1, 4, 2, 41, 1, 1, '1', '2022-07-20 09:26:59', '2022-07-20 09:27:03', 0, 0, 2, 1, '2022-07-20 09:27:15', '2022-07-20 09:27:18', 1, 1, 0);
INSERT INTO `course_catalogue` VALUES (44, '第一章 带你玩-第3课', 1, 4, 2, 41, 1, 1, '1', '2022-07-20 09:26:59', '2022-07-20 09:27:03', 0, 0, 3, 1, '2022-07-20 09:27:15', '2022-07-20 09:27:18', 1, 1, 0);
INSERT INTO `course_catalogue` VALUES (45, '第一章 带你玩-第4课', 1, 4, 2, 41, 1, 1, '1', '2022-07-20 09:26:59', '2022-07-20 09:27:03', 0, 0, 4, 1, '2022-07-20 09:27:15', '2022-07-20 09:27:18', 1, 1, 0);
INSERT INTO `course_catalogue` VALUES (46, '第一章 带你玩-第5课', 1, 4, 2, 41, 1, 1, '1', '2022-07-20 09:26:59', '2022-07-20 09:27:03', 0, 0, 5, 1, '2022-07-20 09:27:15', '2022-07-20 09:27:18', 1, 1, 0);
INSERT INTO `course_catalogue` VALUES (47, '第一章 带你玩-第6课', 1, 4, 2, 41, 1, 1, '1', '2022-07-20 09:26:59', '2022-07-20 09:27:03', 0, 0, 6, 1, '2022-07-20 09:27:15', '2022-07-20 09:27:18', 1, 1, 0);
INSERT INTO `course_catalogue` VALUES (48, '第一章 带你玩-第7课', 1, 4, 2, 41, 1, 1, '1', '2022-07-20 09:26:59', '2022-07-20 09:27:03', 0, 0, 7, 1, '2022-07-20 09:27:15', '2022-07-20 09:27:18', 1, 1, 0);
INSERT INTO `course_catalogue` VALUES (49, '第一章 带你玩-第8课', 1, 4, 2, 41, 1, 1, '1', '2022-07-20 09:26:59', '2022-07-20 09:27:03', 0, 0, 8, 1, '2022-07-20 09:27:15', '2022-07-20 09:27:18', 1, 1, 0);
INSERT INTO `course_catalogue` VALUES (50, '第一章 带你玩-第9课', 1, 4, 2, 41, 1, 1, '1', '2022-07-20 09:26:59', '2022-07-20 09:27:03', 0, 0, 9, 1, '2022-07-20 09:27:15', '2022-07-20 09:27:18', 1, 1, 0);
INSERT INTO `course_catalogue` VALUES (51, '第一章 带你玩-第10课', 1, 4, 2, 41, 1, 1, '1', '2022-07-20 09:26:59', '2022-07-20 09:27:03', 0, 0, 10, 1, '2022-07-20 09:27:15', '2022-07-20 09:27:18', 1, 1, 0);
INSERT INTO `course_catalogue` VALUES (52, '第一章 带你玩-第11课', 1, 4, 2, 41, 1, 1, '1', '2022-07-20 09:26:59', '2022-07-20 09:27:03', 0, 0, 11, 1, '2022-07-20 09:27:15', '2022-07-20 09:27:18', 1, 1, 0);
INSERT INTO `course_catalogue` VALUES (53, '第一章 总结练习', 1, 4, 3, 41, 1, 1, '1', '2022-07-20 09:26:59', '2022-07-20 09:27:03', 0, 0, 12, 1, '2022-07-20 09:27:15', '2022-07-20 09:27:18', 1, 1, 0);
INSERT INTO `course_catalogue` VALUES (54, '第一章 带你玩', 1, 5, 1, 0, 1, 1, '1', '2022-07-20 09:26:59', '2022-07-20 09:27:03', 0, 0, 1, 1, '2022-07-20 09:27:15', '2022-07-20 09:27:18', 1, 1, 0);
INSERT INTO `course_catalogue` VALUES (55, '第一章 带你玩-第1课', 1, 5, 2, 54, 1, 1, '1', '2022-07-20 09:26:59', '2022-07-20 09:27:03', 0, 0, 1, 1, '2022-07-20 09:27:15', '2022-07-20 09:27:18', 1, 1, 0);
INSERT INTO `course_catalogue` VALUES (56, '第一章 带你玩-第2课', 1, 5, 2, 54, 1, 1, '1', '2022-07-20 09:26:59', '2022-07-20 09:27:03', 0, 0, 2, 1, '2022-07-20 09:27:15', '2022-07-20 09:27:18', 1, 1, 0);
INSERT INTO `course_catalogue` VALUES (57, '第一章 带你玩-第3课', 1, 5, 2, 54, 1, 1, '1', '2022-07-20 09:26:59', '2022-07-20 09:27:03', 0, 0, 3, 1, '2022-07-20 09:27:15', '2022-07-20 09:27:18', 1, 1, 0);
INSERT INTO `course_catalogue` VALUES (58, '第一章 带你玩-第4课', 1, 5, 2, 54, 1, 1, '1', '2022-07-20 09:26:59', '2022-07-20 09:27:03', 0, 0, 4, 1, '2022-07-20 09:27:15', '2022-07-20 09:27:18', 1, 1, 0);
INSERT INTO `course_catalogue` VALUES (59, '第一章 带你玩-第5课', 1, 5, 2, 54, 1, 1, '1', '2022-07-20 09:26:59', '2022-07-20 09:27:03', 0, 0, 5, 1, '2022-07-20 09:27:15', '2022-07-20 09:27:18', 1, 1, 0);
INSERT INTO `course_catalogue` VALUES (60, '第一章 带你玩-第6课', 1, 5, 2, 54, 1, 1, '1', '2022-07-20 09:26:59', '2022-07-20 09:27:03', 0, 0, 6, 1, '2022-07-20 09:27:15', '2022-07-20 09:27:18', 1, 1, 0);
INSERT INTO `course_catalogue` VALUES (61, '第一章 带你玩-第7课', 1, 5, 2, 54, 1, 1, '1', '2022-07-20 09:26:59', '2022-07-20 09:27:03', 0, 0, 7, 1, '2022-07-20 09:27:15', '2022-07-20 09:27:18', 1, 1, 0);
INSERT INTO `course_catalogue` VALUES (62, '第一章 带你玩-第8课', 1, 5, 2, 54, 1, 1, '1', '2022-07-20 09:26:59', '2022-07-20 09:27:03', 0, 0, 8, 1, '2022-07-20 09:27:15', '2022-07-20 09:27:18', 1, 1, 0);
INSERT INTO `course_catalogue` VALUES (63, '第一章 带你玩-第9课', 1, 5, 2, 54, 1, 1, '1', '2022-07-20 09:26:59', '2022-07-20 09:27:03', 0, 0, 9, 1, '2022-07-20 09:27:15', '2022-07-20 09:27:18', 1, 1, 0);
INSERT INTO `course_catalogue` VALUES (64, '第一章 带你玩-第10课', 1, 5, 2, 54, 1, 1, '1', '2022-07-20 09:26:59', '2022-07-20 09:27:03', 0, 0, 10, 1, '2022-07-20 09:27:15', '2022-07-20 09:27:18', 1, 1, 0);
INSERT INTO `course_catalogue` VALUES (65, '第一章 带你玩-第11课', 1, 5, 2, 54, 1, 1, '1', '2022-07-20 09:26:59', '2022-07-20 09:27:03', 0, 0, 11, 1, '2022-07-20 09:27:15', '2022-07-20 09:27:18', 1, 1, 0);
INSERT INTO `course_catalogue` VALUES (66, '第一章 总结练习', 1, 5, 3, 54, 1, 1, '1', '2022-07-20 09:26:59', '2022-07-20 09:27:03', 0, 0, 12, 1, '2022-07-20 09:27:15', '2022-07-20 09:27:18', 1, 1, 0);
INSERT INTO `course_catalogue` VALUES (67, '第一章 带你玩', 1, 6, 1, 0, 1, 1, '1', '2022-07-20 09:26:59', '2022-07-20 09:27:03', 0, 2640, 1, 1, '2022-07-20 09:27:15', '2022-07-20 09:27:18', 1, 1, 0);
INSERT INTO `course_catalogue` VALUES (68, '第一章 带你玩-第1课', 1, 6, 2, 67, 1, 1, '1', '2022-07-20 09:26:59', '2022-07-20 09:27:03', 0, 240, 1, 1, '2022-07-20 09:27:15', '2022-07-20 09:27:18', 1, 1, 0);
INSERT INTO `course_catalogue` VALUES (69, '第一章 带你玩-第2课', 1, 6, 2, 67, 1, 1, '1', '2022-07-20 09:26:59', '2022-07-20 09:27:03', 0, 240, 2, 1, '2022-07-20 09:27:15', '2022-07-20 09:27:18', 1, 1, 0);
INSERT INTO `course_catalogue` VALUES (70, '第一章 带你玩-第3课', 1, 6, 2, 67, 1, 1, '1', '2022-07-20 09:26:59', '2022-07-20 09:27:03', 0, 240, 3, 1, '2022-07-20 09:27:15', '2022-07-20 09:27:18', 1, 1, 0);
INSERT INTO `course_catalogue` VALUES (71, '第一章 带你玩-第4课', 1, 6, 2, 67, 1, 1, '1', '2022-07-20 09:26:59', '2022-07-20 09:27:03', 0, 240, 4, 1, '2022-07-20 09:27:15', '2022-07-20 09:27:18', 1, 1, 0);
INSERT INTO `course_catalogue` VALUES (72, '第一章 带你玩-第5课', 1, 6, 2, 67, 1, 1, '1', '2022-07-20 09:26:59', '2022-07-20 09:27:03', 0, 240, 5, 1, '2022-07-20 09:27:15', '2022-07-20 09:27:18', 1, 1, 0);
INSERT INTO `course_catalogue` VALUES (73, '第一章 带你玩-第6课', 1, 6, 2, 67, 1, 1, '1', '2022-07-20 09:26:59', '2022-07-20 09:27:03', 0, 240, 6, 1, '2022-07-20 09:27:15', '2022-07-20 09:27:18', 1, 1, 0);
INSERT INTO `course_catalogue` VALUES (74, '第一章 带你玩-第7课', 1, 6, 2, 67, 1, 1, '1', '2022-07-20 09:26:59', '2022-07-20 09:27:03', 0, 240, 7, 1, '2022-07-20 09:27:15', '2022-07-20 09:27:18', 1, 1, 0);
INSERT INTO `course_catalogue` VALUES (75, '第一章 带你玩-第8课', 1, 6, 2, 67, 1, 1, '1', '2022-07-20 09:26:59', '2022-07-20 09:27:03', 0, 240, 8, 1, '2022-07-20 09:27:15', '2022-07-20 09:27:18', 1, 1, 0);
INSERT INTO `course_catalogue` VALUES (76, '第一章 带你玩-第9课', 1, 6, 2, 67, 1, 1, '1', '2022-07-20 09:26:59', '2022-07-20 09:27:03', 0, 240, 9, 1, '2022-07-20 09:27:15', '2022-07-20 09:27:18', 1, 1, 0);
INSERT INTO `course_catalogue` VALUES (77, '第一章 带你玩-第10课', 1, 6, 2, 67, 1, 1, '1', '2022-07-20 09:26:59', '2022-07-20 09:27:03', 0, 240, 10, 1, '2022-07-20 09:27:15', '2022-07-20 09:27:18', 1, 1, 0);
INSERT INTO `course_catalogue` VALUES (78, '第一章 带你玩-第11课', 1, 6, 2, 67, 1, 1, '1', '2022-07-20 09:26:59', '2022-07-20 09:27:03', 0, 240, 11, 1, '2022-07-20 09:27:15', '2022-07-20 09:27:18', 1, 1, 0);
INSERT INTO `course_catalogue` VALUES (79, '第一章 总结练习', 1, 6, 3, 67, 1, 1, '1', '2022-07-20 09:26:59', '2022-07-20 09:27:03', 0, 0, 12, 1, '2022-07-20 09:27:15', '2022-07-20 09:27:18', 1, 1, 0);
INSERT INTO `course_catalogue` VALUES (80, '第一章 带你玩', 1, 7, 1, 0, 1, 1, '1', '2022-07-20 09:26:59', '2022-07-20 09:27:03', 0, 0, 1, 1, '2022-07-20 09:27:15', '2022-07-20 09:27:18', 1, 1, 0);
INSERT INTO `course_catalogue` VALUES (81, '第一章 带你玩-第1课', 1, 7, 2, 80, 1, 1, '1', '2022-07-20 09:26:59', '2022-07-20 09:27:03', 0, 0, 1, 1, '2022-07-20 09:27:15', '2022-07-20 09:27:18', 1, 1, 0);
INSERT INTO `course_catalogue` VALUES (82, '第一章 带你玩-第2课', 1, 7, 2, 80, 1, 1, '1', '2022-07-20 09:26:59', '2022-07-20 09:27:03', 0, 0, 2, 1, '2022-07-20 09:27:15', '2022-07-20 09:27:18', 1, 1, 0);
INSERT INTO `course_catalogue` VALUES (83, '第一章 带你玩-第3课', 1, 7, 2, 80, 1, 1, '1', '2022-07-20 09:26:59', '2022-07-20 09:27:03', 0, 0, 3, 1, '2022-07-20 09:27:15', '2022-07-20 09:27:18', 1, 1, 0);
INSERT INTO `course_catalogue` VALUES (84, '第一章 带你玩-第4课', 1, 7, 2, 80, 1, 1, '1', '2022-07-20 09:26:59', '2022-07-20 09:27:03', 0, 0, 4, 1, '2022-07-20 09:27:15', '2022-07-20 09:27:18', 1, 1, 0);
INSERT INTO `course_catalogue` VALUES (85, '第一章 带你玩-第5课', 1, 7, 2, 80, 1, 1, '1', '2022-07-20 09:26:59', '2022-07-20 09:27:03', 0, 0, 5, 1, '2022-07-20 09:27:15', '2022-07-20 09:27:18', 1, 1, 0);
INSERT INTO `course_catalogue` VALUES (86, '第一章 带你玩-第6课', 1, 7, 2, 80, 1, 1, '1', '2022-07-20 09:26:59', '2022-07-20 09:27:03', 0, 0, 6, 1, '2022-07-20 09:27:15', '2022-07-20 09:27:18', 1, 1, 0);
INSERT INTO `course_catalogue` VALUES (87, '第一章 带你玩-第7课', 1, 7, 2, 80, 1, 1, '1', '2022-07-20 09:26:59', '2022-07-20 09:27:03', 0, 0, 7, 1, '2022-07-20 09:27:15', '2022-07-20 09:27:18', 1, 1, 0);
INSERT INTO `course_catalogue` VALUES (88, '第一章 带你玩-第8课', 1, 7, 2, 80, 1, 1, '1', '2022-07-20 09:26:59', '2022-07-20 09:27:03', 0, 0, 8, 1, '2022-07-20 09:27:15', '2022-07-20 09:27:18', 1, 1, 0);
INSERT INTO `course_catalogue` VALUES (89, '第一章 带你玩-第9课', 1, 7, 2, 80, 1, 1, '1', '2022-07-20 09:26:59', '2022-07-20 09:27:03', 0, 0, 9, 1, '2022-07-20 09:27:15', '2022-07-20 09:27:18', 1, 1, 0);
INSERT INTO `course_catalogue` VALUES (90, '第一章 带你玩-第10课', 1, 7, 2, 80, 1, 1, '1', '2022-07-20 09:26:59', '2022-07-20 09:27:03', 0, 0, 10, 1, '2022-07-20 09:27:15', '2022-07-20 09:27:18', 1, 1, 0);
INSERT INTO `course_catalogue` VALUES (91, '第一章 带你玩-第11课', 1, 7, 2, 80, 1, 1, '1', '2022-07-20 09:26:59', '2022-07-20 09:27:03', 0, 0, 11, 1, '2022-07-20 09:27:15', '2022-07-20 09:27:18', 1, 1, 0);
INSERT INTO `course_catalogue` VALUES (92, '第一章 总结练习', 1, 7, 3, 80, 1, 1, '1', '2022-07-20 09:26:59', '2022-07-20 09:27:03', 0, 0, 12, 1, '2022-07-20 09:27:15', '2022-07-20 09:27:18', 1, 1, 0);
INSERT INTO `course_catalogue` VALUES (93, '第一章 带你玩', 1, 8, 1, 0, 1, 1, '1', '2022-07-20 09:26:59', '2022-07-20 09:27:03', 0, 0, 1, 1, '2022-07-20 09:27:15', '2022-07-20 09:27:18', 1, 1, 0);
INSERT INTO `course_catalogue` VALUES (94, '第一章 带你玩-第1课', 1, 8, 2, 93, 1, 1, '1', '2022-07-20 09:26:59', '2022-07-20 09:27:03', 0, 0, 1, 1, '2022-07-20 09:27:15', '2022-07-20 09:27:18', 1, 1, 0);
INSERT INTO `course_catalogue` VALUES (95, '第一章 带你玩-第2课', 1, 8, 2, 93, 1, 1, '1', '2022-07-20 09:26:59', '2022-07-20 09:27:03', 0, 0, 2, 1, '2022-07-20 09:27:15', '2022-07-20 09:27:18', 1, 1, 0);
INSERT INTO `course_catalogue` VALUES (96, '第一章 带你玩-第3课', 1, 8, 2, 93, 1, 1, '1', '2022-07-20 09:26:59', '2022-07-20 09:27:03', 0, 0, 3, 1, '2022-07-20 09:27:15', '2022-07-20 09:27:18', 1, 1, 0);
INSERT INTO `course_catalogue` VALUES (97, '第一章 带你玩-第4课', 1, 8, 2, 93, 1, 1, '1', '2022-07-20 09:26:59', '2022-07-20 09:27:03', 0, 0, 4, 1, '2022-07-20 09:27:15', '2022-07-20 09:27:18', 1, 1, 0);
INSERT INTO `course_catalogue` VALUES (98, '第一章 带你玩-第5课', 1, 8, 2, 93, 1, 1, '1', '2022-07-20 09:26:59', '2022-07-20 09:27:03', 0, 0, 5, 1, '2022-07-20 09:27:15', '2022-07-20 09:27:18', 1, 1, 0);
INSERT INTO `course_catalogue` VALUES (99, '第一章 带你玩-第6课', 1, 8, 2, 93, 1, 1, '1', '2022-07-20 09:26:59', '2022-07-20 09:27:03', 0, 0, 6, 1, '2022-07-20 09:27:15', '2022-07-20 09:27:18', 1, 1, 0);
INSERT INTO `course_catalogue` VALUES (100, '第一章 带你玩-第7课', 1, 8, 2, 93, 1, 1, '1', '2022-07-20 09:26:59', '2022-07-20 09:27:03', 0, 0, 7, 1, '2022-07-20 09:27:15', '2022-07-20 09:27:18', 1, 1, 0);
INSERT INTO `course_catalogue` VALUES (101, '第一章 带你玩-第8课', 1, 8, 2, 93, 1, 1, '1', '2022-07-20 09:26:59', '2022-07-20 09:27:03', 0, 0, 8, 1, '2022-07-20 09:27:15', '2022-07-20 09:27:18', 1, 1, 0);
INSERT INTO `course_catalogue` VALUES (102, '第一章 带你玩-第9课', 1, 8, 2, 93, 1, 1, '1', '2022-07-20 09:26:59', '2022-07-20 09:27:03', 0, 0, 9, 1, '2022-07-20 09:27:15', '2022-07-20 09:27:18', 1, 1, 0);
INSERT INTO `course_catalogue` VALUES (103, '第一章 带你玩-第10课', 1, 8, 2, 93, 1, 1, '1', '2022-07-20 09:26:59', '2022-07-20 09:27:03', 0, 0, 10, 1, '2022-07-20 09:27:15', '2022-07-20 09:27:18', 1, 1, 0);
INSERT INTO `course_catalogue` VALUES (104, '第一章 带你玩-第11课', 1, 8, 2, 93, 1, 1, '1', '2022-07-20 09:26:59', '2022-07-20 09:27:03', 0, 0, 11, 1, '2022-07-20 09:27:15', '2022-07-20 09:27:18', 1, 1, 0);
INSERT INTO `course_catalogue` VALUES (105, '第一章 总结练习', 1, 8, 3, 93, 1, 1, '1', '2022-07-20 09:26:59', '2022-07-20 09:27:03', 0, 0, 12, 1, '2022-07-20 09:27:15', '2022-07-20 09:27:18', 1, 1, 0);
INSERT INTO `course_catalogue` VALUES (106, '第一章 带你玩', 1, 9, 1, 0, 1, 1, '1', '2022-07-20 09:26:59', '2022-07-20 09:27:03', 0, 0, 1, 1, '2022-07-20 09:27:15', '2022-07-20 09:27:18', 1, 1, 0);
INSERT INTO `course_catalogue` VALUES (107, '第一章 带你玩-第1课', 1, 9, 2, 106, 1, 1, '1', '2022-07-20 09:26:59', '2022-07-20 09:27:03', 0, 0, 1, 1, '2022-07-20 09:27:15', '2022-07-20 09:27:18', 1, 1, 0);
INSERT INTO `course_catalogue` VALUES (108, '第一章 带你玩-第2课', 1, 9, 2, 106, 1, 1, '1', '2022-07-20 09:26:59', '2022-07-20 09:27:03', 0, 0, 2, 1, '2022-07-20 09:27:15', '2022-07-20 09:27:18', 1, 1, 0);
INSERT INTO `course_catalogue` VALUES (109, '第一章 带你玩-第3课', 1, 9, 2, 106, 1, 1, '1', '2022-07-20 09:26:59', '2022-07-20 09:27:03', 0, 0, 3, 1, '2022-07-20 09:27:15', '2022-07-20 09:27:18', 1, 1, 0);
INSERT INTO `course_catalogue` VALUES (110, '第一章 带你玩-第4课', 1, 9, 2, 106, 1, 1, '1', '2022-07-20 09:26:59', '2022-07-20 09:27:03', 0, 0, 4, 1, '2022-07-20 09:27:15', '2022-07-20 09:27:18', 1, 1, 0);
INSERT INTO `course_catalogue` VALUES (111, '第一章 带你玩-第5课', 1, 9, 2, 106, 1, 1, '1', '2022-07-20 09:26:59', '2022-07-20 09:27:03', 0, 0, 5, 1, '2022-07-20 09:27:15', '2022-07-20 09:27:18', 1, 1, 0);
INSERT INTO `course_catalogue` VALUES (112, '第一章 带你玩-第6课', 1, 9, 2, 106, 1, 1, '1', '2022-07-20 09:26:59', '2022-07-20 09:27:03', 0, 0, 6, 1, '2022-07-20 09:27:15', '2022-07-20 09:27:18', 1, 1, 0);
INSERT INTO `course_catalogue` VALUES (113, '第一章 带你玩-第7课', 1, 9, 2, 106, 1, 1, '1', '2022-07-20 09:26:59', '2022-07-20 09:27:03', 0, 0, 7, 1, '2022-07-20 09:27:15', '2022-07-20 09:27:18', 1, 1, 0);
INSERT INTO `course_catalogue` VALUES (114, '第一章 带你玩-第8课', 1, 9, 2, 106, 1, 1, '1', '2022-07-20 09:26:59', '2022-07-20 09:27:03', 0, 0, 8, 1, '2022-07-20 09:27:15', '2022-07-20 09:27:18', 1, 1, 0);
INSERT INTO `course_catalogue` VALUES (115, '第一章 带你玩-第9课', 1, 9, 2, 106, 1, 1, '1', '2022-07-20 09:26:59', '2022-07-20 09:27:03', 0, 0, 9, 1, '2022-07-20 09:27:15', '2022-07-20 09:27:18', 1, 1, 0);
INSERT INTO `course_catalogue` VALUES (116, '第一章 带你玩-第10课', 1, 9, 2, 106, 1, 1, '1', '2022-07-20 09:26:59', '2022-07-20 09:27:03', 0, 0, 10, 1, '2022-07-20 09:27:15', '2022-07-20 09:27:18', 1, 1, 0);
INSERT INTO `course_catalogue` VALUES (117, '第一章 带你玩-第11课', 1, 9, 2, 106, 1, 1, '1', '2022-07-20 09:26:59', '2022-07-20 09:27:03', 0, 0, 11, 1, '2022-07-20 09:27:15', '2022-07-20 09:27:18', 1, 1, 0);
INSERT INTO `course_catalogue` VALUES (118, '第一章 总结练习', 1, 9, 3, 106, 1, 1, '1', '2022-07-20 09:26:59', '2022-07-20 09:27:03', 0, 0, 12, 1, '2022-07-20 09:27:15', '2022-07-20 09:27:18', 1, 1, 0);
INSERT INTO `course_catalogue` VALUES (119, '第一章 带你玩', 1, 10, 1, 0, 1, 1, '1', '2022-07-20 09:26:59', '2022-07-20 09:27:03', 0, 0, 1, 1, '2022-07-20 09:27:15', '2022-07-20 09:27:18', 1, 1, 0);
INSERT INTO `course_catalogue` VALUES (120, '第一章 带你玩-第1课', 1, 10, 2, 119, 1, 1, '1', '2022-07-20 09:26:59', '2022-07-20 09:27:03', 0, 0, 1, 1, '2022-07-20 09:27:15', '2022-07-20 09:27:18', 1, 1, 0);
INSERT INTO `course_catalogue` VALUES (121, '第一章 带你玩-第2课', 1, 10, 2, 119, 1, 1, '1', '2022-07-20 09:26:59', '2022-07-20 09:27:03', 0, 0, 2, 1, '2022-07-20 09:27:15', '2022-07-20 09:27:18', 1, 1, 0);
INSERT INTO `course_catalogue` VALUES (122, '第一章 带你玩-第3课', 1, 10, 2, 119, 1, 1, '1', '2022-07-20 09:26:59', '2022-07-20 09:27:03', 0, 0, 3, 1, '2022-07-20 09:27:15', '2022-07-20 09:27:18', 1, 1, 0);
INSERT INTO `course_catalogue` VALUES (123, '第一章 带你玩-第4课', 1, 10, 2, 119, 1, 1, '1', '2022-07-20 09:26:59', '2022-07-20 09:27:03', 0, 0, 4, 1, '2022-07-20 09:27:15', '2022-07-20 09:27:18', 1, 1, 0);
INSERT INTO `course_catalogue` VALUES (124, '第一章 带你玩-第5课', 1, 10, 2, 119, 1, 1, '1', '2022-07-20 09:26:59', '2022-07-20 09:27:03', 0, 0, 5, 1, '2022-07-20 09:27:15', '2022-07-20 09:27:18', 1, 1, 0);
INSERT INTO `course_catalogue` VALUES (125, '第一章 带你玩-第6课', 1, 10, 2, 119, 1, 1, '1', '2022-07-20 09:26:59', '2022-07-20 09:27:03', 0, 0, 6, 1, '2022-07-20 09:27:15', '2022-07-20 09:27:18', 1, 1, 0);
INSERT INTO `course_catalogue` VALUES (126, '第一章 带你玩-第7课', 1, 10, 2, 119, 1, 1, '1', '2022-07-20 09:26:59', '2022-07-20 09:27:03', 0, 0, 7, 1, '2022-07-20 09:27:15', '2022-07-20 09:27:18', 1, 1, 0);
INSERT INTO `course_catalogue` VALUES (127, '第一章 带你玩-第8课', 1, 10, 2, 119, 1, 1, '1', '2022-07-20 09:26:59', '2022-07-20 09:27:03', 0, 0, 8, 1, '2022-07-20 09:27:15', '2022-07-20 09:27:18', 1, 1, 0);
INSERT INTO `course_catalogue` VALUES (128, '第一章 带你玩-第9课', 1, 10, 2, 119, 1, 1, '1', '2022-07-20 09:26:59', '2022-07-20 09:27:03', 0, 0, 9, 1, '2022-07-20 09:27:15', '2022-07-20 09:27:18', 1, 1, 0);
INSERT INTO `course_catalogue` VALUES (129, '第一章 带你玩-第10课', 1, 10, 2, 119, 1, 1, '1', '2022-07-20 09:26:59', '2022-07-20 09:27:03', 0, 0, 10, 1, '2022-07-20 09:27:15', '2022-07-20 09:27:18', 1, 1, 0);
INSERT INTO `course_catalogue` VALUES (130, '第一章 带你玩-第11课', 1, 10, 2, 119, 1, 1, '1', '2022-07-20 09:26:59', '2022-07-20 09:27:03', 0, 0, 11, 1, '2022-07-20 09:27:15', '2022-07-20 09:27:18', 1, 1, 0);
INSERT INTO `course_catalogue` VALUES (131, '第一章 总结练习', 1, 10, 3, 119, 1, 1, '1', '2022-07-20 09:26:59', '2022-07-20 09:27:03', 0, 0, 12, 1, '2022-07-20 09:27:15', '2022-07-20 09:27:18', 1, 1, 0);
INSERT INTO `course_catalogue` VALUES (1550383240983875585, 'java零基础到高薪就业', 0, 1549025085494521857, 1, 0, 1, 1, '', NULL, NULL, 0, 0, 1, 0, '2022-07-25 16:38:49', '2022-07-25 16:38:49', 0, 0, 0);
INSERT INTO `course_catalogue` VALUES (1550383240983875586, 'java零基础到高薪就业', 0, 1549025085494521857, 2, 1550383240983875585, 1, 1, '11', NULL, NULL, 0, 264, 1, 0, '2022-07-25 16:38:49', '2022-07-25 16:38:49', 0, 0, 0);
INSERT INTO `course_catalogue` VALUES (1550383240983875587, 'java零基础到高薪就业', 0, 1549025085494521857, 2, 1550383240983875585, 1, 1, '1111', NULL, NULL, 0, 264, 2, 0, '2022-07-25 16:38:49', '2022-07-25 16:38:49', 0, 0, 0);
INSERT INTO `course_catalogue` VALUES (1550383240983875588, 'java零基础从小白到大咖', 0, 1549025085494521857, 1, 0, 1, 1, '', NULL, NULL, 0, 0, 2, 0, '2022-07-25 16:38:49', '2022-07-25 16:38:49', 0, 0, 0);
INSERT INTO `course_catalogue` VALUES (1550383240983875589, 'java零基础从小白到大咖', 0, 1549025085494521857, 2, 1550383240983875588, 1, 1, '111', NULL, NULL, 0, 264, 1, 0, '2022-07-25 16:38:49', '2022-07-25 16:38:49', 0, 0, 0);
INSERT INTO `course_catalogue` VALUES (1550383240983875590, 'java零基础从小白到大咖', 0, 1549025085494521857, 3, 1550383240983875588, 1, 1, '1111', NULL, NULL, 0, 264, 2, 0, '2022-07-25 16:38:49', '2022-07-25 16:38:49', 0, 0, 0);
INSERT INTO `course_catalogue` VALUES (1587990530850062338, '开发环境', 0, 1552558707325374467, 1, 0, 0, 0, '', NULL, NULL, 0, 1095, 1, 0, '2022-11-03 10:19:26', '2022-11-03 10:19:26', 1, 1, 0);
INSERT INTO `course_catalogue` VALUES (1587990530850062339, '下载JDK', 0, 1552558707325374467, 2, 1587990530850062338, 1587738201064247297, NULL, 'video(7)', NULL, NULL, 0, 677, 1, 0, '2022-11-03 10:19:26', '2022-11-03 10:19:26', 1, 1, 0);
INSERT INTO `course_catalogue` VALUES (1587990530850062340, '安装JDK', 0, 1552558707325374467, 2, 1587990530850062338, 1566015171791515649, NULL, '01-今日课程介绍', NULL, NULL, 0, 65, 2, 0, '2022-11-03 10:19:26', '2022-11-03 10:19:26', 1, 1, 0);
INSERT INTO `course_catalogue` VALUES (1587990530850062341, '配置环境变量', 0, 1552558707325374467, 2, 1587990530850062338, 1555124516789682178, NULL, '01.Redis最佳实践课程介绍', NULL, NULL, 0, 78, 3, 0, '2022-11-03 10:19:26', '2022-11-03 10:19:26', 1, 1, 0);
INSERT INTO `course_catalogue` VALUES (1587990530850062342, '测试', 0, 1552558707325374467, 2, 1587990530850062338, 1549772731808083969, NULL, '01.Redis原理篇课程介绍', NULL, NULL, 0, 275, 4, 0, '2022-11-03 10:19:26', '2022-11-03 10:19:26', 1, 1, 0);
INSERT INTO `course_catalogue` VALUES (1587990530850062343, 'HelloWorld', 0, 1552558707325374467, 1, 0, 0, NULL, '', NULL, NULL, 0, 1430, 2, 0, '2022-11-03 10:19:26', '2022-11-03 10:19:26', 1, 1, 0);
INSERT INTO `course_catalogue` VALUES (1587990530850062344, '第一个Java项目', 0, 1552558707325374467, 2, 1587990530850062343, 1580483286143094785, NULL, '课程学习视频', NULL, NULL, 0, 677, 1, 0, '2022-11-03 10:19:26', '2022-11-03 10:19:26', 1, 1, 0);
INSERT INTO `course_catalogue` VALUES (1587990530850062345, '编译和运行', 0, 1552558707325374467, 2, 1587990530850062343, 1549792566466588674, NULL, '03.缓存练习题分析', NULL, NULL, 0, 162, 2, 0, '2022-11-03 10:19:26', '2022-11-03 10:19:26', 1, 1, 0);
INSERT INTO `course_catalogue` VALUES (1587990530850062346, '测试', 0, 1552558707325374467, 2, 1587990530850062343, 1549768474597793793, NULL, '07.Redis数据结构-ZipList的连锁更新问题', NULL, NULL, 0, 591, 3, 0, '2022-11-03 10:19:26', '2022-11-03 10:19:26', 1, 1, 0);
INSERT INTO `course_catalogue` VALUES (1587991626851057665, '阶段考试', 0, 1552558707325374467, 3, 1587990530850062338, 0, NULL, '', NULL, NULL, 0, 0, 0, 0, '2022-11-03 10:19:26', '2022-11-03 10:19:26', 1, 1, 0);
INSERT INTO `course_catalogue` VALUES (1589890191459479554, 'Html与CSS', 0, 1589888774267072513, 1, 0, 0, NULL, '', NULL, NULL, 0, 2403, 1, 0, '2022-11-08 16:05:20', '2022-11-08 16:05:20', 1, 1, 0);
INSERT INTO `course_catalogue` VALUES (1589890191463673857, 'HTML元素', 0, 1589888774267072513, 2, 1589890191459479554, 1580483286143094785, NULL, '课程学习视频', NULL, NULL, 0, 677, 1, 0, '2022-11-08 16:05:20', '2022-11-08 16:05:20', 1, 1, 0);
INSERT INTO `course_catalogue` VALUES (1589890191463673858, 'HTML页面', 0, 1589888774267072513, 2, 1589890191459479554, 1588126913971376129, NULL, '媒资视频', NULL, NULL, 0, 621, 2, 0, '2022-11-08 16:05:20', '2022-11-08 16:05:20', 1, 1, 0);
INSERT INTO `course_catalogue` VALUES (1589890191463673859, '常见元素', 0, 1589888774267072513, 2, 1589890191459479554, 1549783049221713922, NULL, '18.Redis网络模型-非阻塞IO', NULL, NULL, 0, 268, 3, 0, '2022-11-08 16:05:20', '2022-11-08 16:05:20', 1, 1, 0);
INSERT INTO `course_catalogue` VALUES (1589890191463673860, 'CSS', 0, 1589888774267072513, 2, 1589890191459479554, 1588017161731854337, NULL, '2023年北京理工大学专业学位MEM项目信息', NULL, NULL, 0, 837, 4, 0, '2022-11-08 16:05:20', '2022-11-08 16:05:20', 1, 1, 0);
INSERT INTO `course_catalogue` VALUES (1589890191463673861, 'JavaScript', 0, 1589888774267072513, 1, 0, 0, NULL, '', NULL, NULL, 0, 1515, 2, 0, '2022-11-08 16:05:20', '2022-11-08 16:05:20', 1, 1, 0);
INSERT INTO `course_catalogue` VALUES (1589890191463673862, '快速入门', 0, 1589888774267072513, 2, 1589890191463673861, 1587725216430198785, NULL, 'video(1)', NULL, NULL, 0, 34, 1, 0, '2022-11-08 16:05:20', '2022-11-08 16:05:20', 1, 1, 0);
INSERT INTO `course_catalogue` VALUES (1589890191463673863, '变量', 0, 1589888774267072513, 2, 1589890191463673861, 1555124516789682178, NULL, '01.Redis最佳实践课程介绍', NULL, NULL, 0, 78, 2, 0, '2022-11-08 16:05:20', '2022-11-08 16:05:20', 1, 1, 0);
INSERT INTO `course_catalogue` VALUES (1589890191463673864, '数据类型', 0, 1589888774267072513, 2, 1589890191463673861, 1549792566466588674, NULL, '03.缓存练习题分析', NULL, NULL, 0, 162, 3, 0, '2022-11-08 16:05:20', '2022-11-08 16:05:20', 1, 1, 0);
INSERT INTO `course_catalogue` VALUES (1589890191463673865, '运算符', 0, 1589888774267072513, 2, 1589890191463673861, 1549792566466588674, NULL, '03.缓存练习题分析', NULL, NULL, 0, 162, 4, 0, '2022-11-08 16:05:20', '2022-11-08 16:05:20', 1, 1, 0);
INSERT INTO `course_catalogue` VALUES (1589890191463673866, '控制语句', 0, 1589888774267072513, 2, 1589890191463673861, 1549776090464104449, NULL, '04.Redis数据结构-Dict', NULL, NULL, 0, 1079, 5, 0, '2022-11-08 16:05:20', '2022-11-08 16:05:20', 1, 1, 0);
INSERT INTO `course_catalogue` VALUES (1589891033688305666, '阶段考试', 0, 1589888774267072513, 3, 1589890191459479554, 0, NULL, '', NULL, NULL, 0, 0, 0, 0, '2022-11-08 16:05:20', '2022-11-08 16:05:20', 1, 1, 0);
INSERT INTO `course_catalogue` VALUES (1589905935589044226, '认识微服务', 0, 1589905661084430337, 1, 0, 0, NULL, '', NULL, NULL, 0, 1866, 1, 0, '2022-11-08 17:04:53', '2022-11-08 17:04:53', 1, 1, 0);
INSERT INTO `course_catalogue` VALUES (1589905935589044227, '今日课程介绍', 0, 1589905661084430337, 2, 1589905935589044226, 1589893843626577922, NULL, '01-今日课程介绍', NULL, NULL, 0, 65, 1, 0, '2022-11-08 17:04:53', '2022-11-08 17:04:53', 1, 1, 0);
INSERT INTO `course_catalogue` VALUES (1589905935589044228, '微服务架构演变', 0, 1589905661084430337, 2, 1589905935589044226, 1589897312647335937, NULL, '02-认识微服务-服务架构演变', NULL, NULL, 0, 811, 2, 0, '2022-11-08 17:04:53', '2022-11-08 17:04:53', 1, 1, 0);
INSERT INTO `course_catalogue` VALUES (1589905935589044229, '微服务技术对比', 0, 1589905661084430337, 2, 1589905935589044226, 1589902059655745538, NULL, '03-认识微服务-微服务技术对比', NULL, NULL, 0, 752, 3, 0, '2022-11-08 17:04:53', '2022-11-08 17:04:53', 1, 1, 0);
INSERT INTO `course_catalogue` VALUES (1589905935589044230, 'SpringCloud', 0, 1589905661084430337, 2, 1589905935589044226, 1589904745499283457, NULL, '04-认识微服务-SpringCloud', NULL, NULL, 0, 238, 4, 0, '2022-11-08 17:04:53', '2022-11-08 17:04:53', 1, 1, 0);
INSERT INTO `course_catalogue` VALUES (1589906354734231554, '阶段考试', 0, 1589905661084430337, 3, 1589905935589044226, 0, NULL, '', NULL, NULL, 0, 0, 0, 0, '2022-11-08 17:04:53', '2022-11-08 17:04:53', 1, 1, 0);
INSERT INTO `course_catalogue` VALUES (1646499075013054465, '带你练', 0, 6, 1, 0, 0, NULL, '', NULL, NULL, 0, 1055, 2, 0, '2023-04-13 21:04:15', '2023-04-13 21:04:15', 1, 1, 0);
INSERT INTO `course_catalogue` VALUES (1646499075013054466, '练胳膊', 0, 6, 2, 1646499075013054465, 1589904745499283457, NULL, '04-认识微服务-SpringCloud', NULL, NULL, 0, 238, 1, 0, '2023-04-13 21:04:15', '2023-04-13 21:04:15', 1, 1, 0);
INSERT INTO `course_catalogue` VALUES (1646499075013054467, '练胸', 0, 6, 2, 1646499075013054465, 1589902059655745538, NULL, '03-认识微服务-微服务技术对比', NULL, NULL, 0, 752, 2, 0, '2023-04-13 21:04:15', '2023-04-13 21:04:15', 1, 1, 0);
INSERT INTO `course_catalogue` VALUES (1646499075013054468, '练腿', 0, 6, 2, 1646499075013054465, 1589893843626577922, NULL, '01-今日课程介绍', NULL, NULL, 0, 65, 3, 0, '2023-04-13 21:04:15', '2023-04-13 21:04:15', 1, 1, 0);

-- ----------------------------
-- Table structure for course_catalogue_draft
-- ----------------------------
DROP TABLE IF EXISTS `course_catalogue_draft`;
CREATE TABLE `course_catalogue_draft`  (
  `id` bigint NOT NULL COMMENT '课程目录id',
  `name` varchar(255) CHARACTER SET utf8mb4 COLLATE utf8mb4_0900_ai_ci NOT NULL COMMENT '目录名称',
  `trailer` tinyint NOT NULL DEFAULT 0 COMMENT '是否支持试看',
  `course_id` bigint NOT NULL COMMENT '课程id',
  `type` tinyint NOT NULL COMMENT '目录类型1：章节，2：小节，3：测试',
  `parent_catalogue_id` bigint NOT NULL DEFAULT 0 COMMENT '所属章节id，只有小节和测试有该值，章节没有，章节默认为0',
  `media_id` bigint NOT NULL DEFAULT 0 COMMENT '媒资id',
  `video_id` bigint NULL DEFAULT NULL COMMENT '视频id',
  `video_name` varchar(255) CHARACTER SET utf8mb4 COLLATE utf8mb4_0900_ai_ci NOT NULL DEFAULT '' COMMENT '视频名称',
  `living_start_time` datetime NULL DEFAULT NULL COMMENT '直播开始时间',
  `living_end_time` datetime NULL DEFAULT NULL COMMENT '直播结束时间',
  `play_back` tinyint NOT NULL DEFAULT 0 COMMENT '是否支持回放',
  `c_index` int NOT NULL DEFAULT 0 COMMENT '用于章节排序',
  `media_duration` int NOT NULL DEFAULT 0 COMMENT '以s为单位',
  `can_update` tinyint NOT NULL DEFAULT 1 COMMENT '是否可以更新0：不可以更新，1：可以更新',
  `dep_id` bigint NOT NULL DEFAULT 0 COMMENT '部门id',
  `create_time` datetime NOT NULL DEFAULT CURRENT_TIMESTAMP COMMENT '创建时间',
  `update_time` datetime NOT NULL DEFAULT CURRENT_TIMESTAMP ON UPDATE CURRENT_TIMESTAMP COMMENT '更新时间',
  `creater` bigint NOT NULL DEFAULT 0 COMMENT '创建人',
  `updater` bigint NOT NULL DEFAULT 0 COMMENT '更新人',
  `deleted` tinyint NOT NULL DEFAULT 0 COMMENT '逻辑删除',
  PRIMARY KEY (`id`) USING BTREE
) ENGINE = InnoDB CHARACTER SET = utf8mb4 COLLATE = utf8mb4_0900_ai_ci COMMENT = '目录草稿' ROW_FORMAT = Dynamic;

-- ----------------------------
-- Records of course_catalogue_draft
-- ----------------------------
INSERT INTO `course_catalogue_draft` VALUES (93, '第一章 带你玩', 1, 8, 1, 0, 1, 1, '1', '2022-07-20 09:26:59', '2022-07-20 09:27:03', 0, 1, 0, 0, 1, '2022-07-20 09:27:15', '2023-04-13 21:00:38', 1, 1, 0);
INSERT INTO `course_catalogue_draft` VALUES (94, '第一章 带你玩-第1课', 1, 8, 2, 93, 1, 1, '1', '2022-07-20 09:26:59', '2022-07-20 09:27:03', 0, 1, 240, 0, 1, '2022-07-20 09:27:15', '2023-04-13 21:00:39', 1, 1, 0);
INSERT INTO `course_catalogue_draft` VALUES (95, '第一章 带你玩-第2课', 1, 8, 2, 93, 1, 1, '1', '2022-07-20 09:26:59', '2022-07-20 09:27:03', 0, 2, 240, 0, 1, '2022-07-20 09:27:15', '2023-04-13 21:00:40', 1, 1, 0);
INSERT INTO `course_catalogue_draft` VALUES (96, '第一章 带你玩-第3课', 1, 8, 2, 93, 1, 1, '1', '2022-07-20 09:26:59', '2022-07-20 09:27:03', 0, 3, 240, 0, 1, '2022-07-20 09:27:15', '2023-04-13 21:00:41', 1, 1, 0);
INSERT INTO `course_catalogue_draft` VALUES (97, '第一章 带你玩-第4课', 1, 8, 2, 93, 1, 1, '1', '2022-07-20 09:26:59', '2022-07-20 09:27:03', 0, 4, 240, 0, 1, '2022-07-20 09:27:15', '2023-04-13 21:00:41', 1, 1, 0);
INSERT INTO `course_catalogue_draft` VALUES (98, '第一章 带你玩-第5课', 1, 8, 2, 93, 1, 1, '1', '2022-07-20 09:26:59', '2022-07-20 09:27:03', 0, 5, 240, 0, 1, '2022-07-20 09:27:15', '2023-04-13 21:00:42', 1, 1, 0);
INSERT INTO `course_catalogue_draft` VALUES (99, '第一章 带你玩-第6课', 1, 8, 2, 93, 1, 1, '1', '2022-07-20 09:26:59', '2022-07-20 09:27:03', 0, 6, 240, 0, 1, '2022-07-20 09:27:15', '2023-04-13 21:00:42', 1, 1, 0);
INSERT INTO `course_catalogue_draft` VALUES (100, '第一章 带你玩-第7课', 1, 8, 2, 93, 1, 1, '1', '2022-07-20 09:26:59', '2022-07-20 09:27:03', 0, 7, 240, 0, 1, '2022-07-20 09:27:15', '2023-04-13 21:00:43', 1, 1, 0);
INSERT INTO `course_catalogue_draft` VALUES (101, '第一章 带你玩-第8课', 1, 8, 2, 93, 1, 1, '1', '2022-07-20 09:26:59', '2022-07-20 09:27:03', 0, 8, 240, 0, 1, '2022-07-20 09:27:15', '2023-04-13 21:00:44', 1, 1, 0);
INSERT INTO `course_catalogue_draft` VALUES (102, '第一章 带你玩-第9课', 1, 8, 2, 93, 1, 1, '1', '2022-07-20 09:26:59', '2022-07-20 09:27:03', 0, 9, 240, 0, 1, '2022-07-20 09:27:15', '2023-04-13 21:00:44', 1, 1, 0);
INSERT INTO `course_catalogue_draft` VALUES (103, '第一章 带你玩-第10课', 1, 8, 2, 93, 1, 1, '1', '2022-07-20 09:26:59', '2022-07-20 09:27:03', 0, 10, 240, 0, 1, '2022-07-20 09:27:15', '2023-04-13 21:00:46', 1, 1, 0);
INSERT INTO `course_catalogue_draft` VALUES (104, '第一章 带你玩-第11课', 1, 8, 2, 93, 1, 1, '1', '2022-07-20 09:26:59', '2022-07-20 09:27:03', 0, 11, 240, 0, 1, '2022-07-20 09:27:15', '2023-04-13 21:00:47', 1, 1, 0);
INSERT INTO `course_catalogue_draft` VALUES (105, '第一章 总结练习', 1, 8, 3, 93, 1, 1, '1', '2022-07-20 09:26:59', '2022-07-20 09:27:03', 0, 12, 0, 0, 1, '2022-07-20 09:27:15', '2023-04-13 20:59:57', 1, 1, 0);
INSERT INTO `course_catalogue_draft` VALUES (106, '第一章 带你玩', 1, 9, 1, 0, 1, 1, '1', '2022-07-20 09:26:59', '2022-07-20 09:27:03', 0, 1, 0, 0, 1, '2022-07-20 09:27:15', '2023-04-13 20:59:58', 1, 1, 0);
INSERT INTO `course_catalogue_draft` VALUES (107, '第一章 带你玩-第1课', 1, 9, 2, 106, 1, 1, '1', '2022-07-20 09:26:59', '2022-07-20 09:27:03', 0, 1, 264, 0, 1, '2022-07-20 09:27:15', '2023-04-13 21:01:08', 1, 1, 0);
INSERT INTO `course_catalogue_draft` VALUES (108, '第一章 带你玩-第2课', 1, 9, 2, 106, 1, 1, '1', '2022-07-20 09:26:59', '2022-07-20 09:27:03', 0, 2, 264, 0, 1, '2022-07-20 09:27:15', '2023-04-13 21:01:09', 1, 1, 0);
INSERT INTO `course_catalogue_draft` VALUES (109, '第一章 带你玩-第3课', 1, 9, 2, 106, 1, 1, '1', '2022-07-20 09:26:59', '2022-07-20 09:27:03', 0, 3, 264, 0, 1, '2022-07-20 09:27:15', '2023-04-13 21:01:09', 1, 1, 0);
INSERT INTO `course_catalogue_draft` VALUES (110, '第一章 带你玩-第4课', 1, 9, 2, 106, 1, 1, '1', '2022-07-20 09:26:59', '2022-07-20 09:27:03', 0, 4, 264, 0, 1, '2022-07-20 09:27:15', '2023-04-13 21:01:10', 1, 1, 0);
INSERT INTO `course_catalogue_draft` VALUES (111, '第一章 带你玩-第5课', 1, 9, 2, 106, 1, 1, '1', '2022-07-20 09:26:59', '2022-07-20 09:27:03', 0, 5, 264, 0, 1, '2022-07-20 09:27:15', '2023-04-13 21:01:10', 1, 1, 0);
INSERT INTO `course_catalogue_draft` VALUES (112, '第一章 带你玩-第6课', 1, 9, 2, 106, 1, 1, '1', '2022-07-20 09:26:59', '2022-07-20 09:27:03', 0, 6, 264, 0, 1, '2022-07-20 09:27:15', '2023-04-13 21:01:11', 1, 1, 0);
INSERT INTO `course_catalogue_draft` VALUES (113, '第一章 带你玩-第7课', 1, 9, 2, 106, 1, 1, '1', '2022-07-20 09:26:59', '2022-07-20 09:27:03', 0, 7, 264, 0, 1, '2022-07-20 09:27:15', '2023-04-13 21:01:11', 1, 1, 0);
INSERT INTO `course_catalogue_draft` VALUES (114, '第一章 带你玩-第8课', 1, 9, 2, 106, 1, 1, '1', '2022-07-20 09:26:59', '2022-07-20 09:27:03', 0, 8, 264, 0, 1, '2022-07-20 09:27:15', '2023-04-13 21:01:12', 1, 1, 0);
INSERT INTO `course_catalogue_draft` VALUES (115, '第一章 带你玩-第9课', 1, 9, 2, 106, 1, 1, '1', '2022-07-20 09:26:59', '2022-07-20 09:27:03', 0, 9, 264, 0, 1, '2022-07-20 09:27:15', '2023-04-13 21:01:13', 1, 1, 0);
INSERT INTO `course_catalogue_draft` VALUES (116, '第一章 带你玩-第10课', 1, 9, 2, 106, 1, 1, '1', '2022-07-20 09:26:59', '2022-07-20 09:27:03', 0, 10, 264, 0, 1, '2022-07-20 09:27:15', '2023-04-13 21:01:14', 1, 1, 0);
INSERT INTO `course_catalogue_draft` VALUES (117, '第一章 带你玩-第11课', 1, 9, 2, 106, 1, 1, '1', '2022-07-20 09:26:59', '2022-07-20 09:27:03', 0, 11, 264, 0, 1, '2022-07-20 09:27:15', '2023-04-13 21:01:16', 1, 1, 0);
INSERT INTO `course_catalogue_draft` VALUES (118, '第一章 总结练习', 1, 9, 3, 106, 1, 1, '1', '2022-07-20 09:26:59', '2022-07-20 09:27:03', 0, 12, 0, 0, 1, '2022-07-20 09:27:15', '2023-04-13 21:00:13', 1, 1, 0);
INSERT INTO `course_catalogue_draft` VALUES (1550382258627547138, 'java零基础到高薪就业', 0, 1550054013982044162, 1, 0, 0, NULL, '', NULL, NULL, 0, 1, 0, 1, 0, '2022-07-22 15:28:30', '2022-07-22 15:28:30', 0, 0, 0);
INSERT INTO `course_catalogue_draft` VALUES (1550382258627547139, 'java零基础到高薪就业', 0, 1550054013982044162, 2, 1550382258627547138, 0, NULL, '', NULL, NULL, 0, 1, 0, 1, 0, '2022-07-22 15:28:30', '2022-07-22 15:28:30', 0, 0, 0);
INSERT INTO `course_catalogue_draft` VALUES (1550382258627547140, 'java零基础到高薪就业', 0, 1550054013982044162, 2, 1550382258627547138, 0, NULL, '', NULL, NULL, 0, 2, 0, 1, 0, '2022-07-22 15:28:30', '2022-07-22 15:28:30', 0, 0, 0);
INSERT INTO `course_catalogue_draft` VALUES (1550382258627547141, 'java零基础从小白到大咖', 0, 1550054013982044162, 1, 0, 0, NULL, '', NULL, NULL, 0, 2, 0, 1, 0, '2022-07-22 15:28:30', '2022-07-22 15:28:30', 0, 0, 0);
INSERT INTO `course_catalogue_draft` VALUES (1550382258627547142, 'java零基础从小白到大咖', 0, 1550054013982044162, 2, 1550382258627547141, 0, NULL, '', NULL, NULL, 0, 1, 0, 1, 0, '2022-07-22 15:28:30', '2022-07-22 15:28:30', 0, 0, 0);
INSERT INTO `course_catalogue_draft` VALUES (1550382258627547143, 'java零基础从小白到大咖', 0, 1550054013982044162, 3, 1550382258627547141, 0, NULL, '', NULL, NULL, 0, 2, 0, 1, 0, '2022-07-22 15:28:30', '2022-07-22 15:28:30', 0, 0, 0);
INSERT INTO `course_catalogue_draft` VALUES (1550382258627547144, '阶段一：前端基础入门', 1, 100, 1, 0, 0, 0, '', NULL, NULL, 0, 1, 1244, 1, 0, '2022-07-31 21:25:31', '2022-07-31 21:25:31', 0, 0, 0);
INSERT INTO `course_catalogue_draft` VALUES (1550382258627547145, '1、了解前端行业发展', 1, 1552558707325374469, 2, 1550382258627547144, 0, 0, '', NULL, NULL, 0, 1, 2824, 1, 0, '2022-07-31 21:25:31', '2022-07-31 21:25:31', 0, 0, 0);
INSERT INTO `course_catalogue_draft` VALUES (1550382258627547146, '2、了解HTML5对于网页的意义', 1, 1552558707325374469, 2, 1550382258627547144, 0, 0, '', NULL, NULL, 0, 2, 1617, 1, 0, '2022-07-31 21:25:31', '2022-07-31 21:25:31', 0, 0, 0);
INSERT INTO `course_catalogue_draft` VALUES (1550382258627547147, '3、学习常用标签/属性，进行结构搭建', 1, 1552558707325374469, 2, 1550382258627547144, 0, 0, '', NULL, NULL, 0, 3, 1982, 1, 0, '2022-07-31 21:25:31', '2022-07-31 21:25:31', 0, 0, 0);
INSERT INTO `course_catalogue_draft` VALUES (1550382258627547148, '4、掌握无序列表/有序列表/自定义列表', 1, 1552558707325374469, 2, 1550382258627547144, 0, 0, '', NULL, NULL, 0, 4, 2185, 1, 0, '2022-07-31 21:25:31', '2022-07-31 21:25:31', 0, 0, 0);
INSERT INTO `course_catalogue_draft` VALUES (1550382258627547149, '5、学习表单标签/属性，能创建常见表单结构', 1, 1552558707325374469, 2, 1550382258627547144, 0, 0, '', NULL, NULL, 0, 5, 1117, 1, 0, '2022-07-31 21:25:31', '2022-07-31 21:25:31', 0, 0, 0);
INSERT INTO `course_catalogue_draft` VALUES (1550382258627547150, '6、掌握标签嵌套规则/行内元素/块元素的使用', 1, 1552558707325374469, 2, 1550382258627547144, 0, 0, '', NULL, NULL, 0, 6, 2297, 1, 0, '2022-07-31 21:25:31', '2022-07-31 21:25:31', 0, 0, 0);
INSERT INTO `course_catalogue_draft` VALUES (1550382258627547151, '阶段二：组件化与移动WebApp开发', 1, 100, 1, 0, 0, 0, '', NULL, NULL, 0, 2, 2015, 1, 0, '2022-07-31 21:25:31', '2022-07-31 21:25:31', 0, 0, 0);
INSERT INTO `course_catalogue_draft` VALUES (1550382258627547152, '1、ES6基本语法与使用', 1, 1552558707325374469, 2, 1550382258627547151, 0, 0, '', NULL, NULL, 0, 1, 1511, 1, 0, '2022-07-31 21:25:31', '2022-07-31 21:25:31', 0, 0, 0);
INSERT INTO `course_catalogue_draft` VALUES (1550382258627547153, '2、掌握ES6中变量和常量的使用与区别', 1, 1552558707325374469, 2, 1550382258627547151, 0, 0, '', NULL, NULL, 0, 2, 2451, 1, 0, '2022-07-31 21:25:31', '2022-07-31 21:25:31', 0, 0, 0);
INSERT INTO `course_catalogue_draft` VALUES (1550382258627547154, '3、学习可以嵌入表达式的字符串字面量--模板字符串', 1, 1552558707325374469, 2, 1550382258627547151, 0, 0, '', NULL, NULL, 0, 3, 2022, 1, 0, '2022-07-31 21:25:31', '2022-07-31 21:25:31', 0, 0, 0);
INSERT INTO `course_catalogue_draft` VALUES (1550382258627547155, '4、掌握箭头函数的特点与应用', 1, 1552558707325374469, 2, 1550382258627547151, 0, 0, '', NULL, NULL, 0, 4, 1234, 1, 0, '2022-07-31 21:25:31', '2022-07-31 21:25:31', 0, 0, 0);
INSERT INTO `course_catalogue_draft` VALUES (1550382258627547156, '5、掌握如何自动解析数组或对象中的值', 1, 1552558707325374469, 2, 1550382258627547151, 0, 0, '', NULL, NULL, 0, 5, 1456, 1, 0, '2022-07-31 21:25:31', '2022-07-31 21:25:31', 0, 0, 0);
INSERT INTO `course_catalogue_draft` VALUES (1550382258627547157, '6、了解对象字面量更加简洁与灵活的表达方式', 1, 1552558707325374469, 2, 1550382258627547151, 0, 0, '', NULL, NULL, 0, 6, 2851, 1, 0, '2022-07-31 21:25:31', '2022-07-31 21:25:31', 0, 0, 0);
INSERT INTO `course_catalogue_draft` VALUES (1550382258627547158, '阶段三：小程序与Vue3.x全栈开发', 1, 100, 1, 0, 0, 0, '', NULL, NULL, 0, 3, 1080, 1, 0, '2022-07-31 21:25:31', '2022-07-31 21:25:31', 0, 0, 0);
INSERT INTO `course_catalogue_draft` VALUES (1550382258627547159, '1、大项目：结合Flex/Template模板，开发慕课小程序首页/活动页/热门排行页', 1, 1552558707325374469, 2, 1550382258627547158, 0, 0, '', NULL, NULL, 0, 1, 1431, 1, 0, '2022-07-31 21:25:31', '2022-07-31 21:25:31', 0, 0, 0);
INSERT INTO `course_catalogue_draft` VALUES (1550382258627547160, '2、了解小程序注册流程/注册方式/注册主体', 1, 1552558707325374469, 2, 1550382258627547158, 0, 0, '', NULL, NULL, 0, 2, 1748, 1, 0, '2022-07-31 21:25:31', '2022-07-31 21:25:31', 0, 0, 0);
INSERT INTO `course_catalogue_draft` VALUES (1550382258627547161, '3、小程序的全局生命周期和页面级生命周期', 1, 1552558707325374469, 2, 1550382258627547158, 0, 0, '', NULL, NULL, 0, 3, 2705, 1, 0, '2022-07-31 21:25:31', '2022-07-31 21:25:31', 0, 0, 0);
INSERT INTO `course_catalogue_draft` VALUES (1550382258627547162, '4、小程序基础语法与常用API', 1, 1552558707325374469, 2, 1550382258627547158, 0, 0, '', NULL, NULL, 0, 4, 2090, 1, 0, '2022-07-31 21:25:31', '2022-07-31 21:25:31', 0, 0, 0);
INSERT INTO `course_catalogue_draft` VALUES (1550382258627547163, '5、小程序开发工具的调试办法', 1, 1552558707325374469, 2, 1550382258627547158, 0, 0, '', NULL, NULL, 0, 5, 2484, 1, 0, '2022-07-31 21:25:31', '2022-07-31 21:25:31', 0, 0, 0);

-- ----------------------------
-- Table structure for course_content
-- ----------------------------
DROP TABLE IF EXISTS `course_content`;
CREATE TABLE `course_content`  (
  `id` bigint NOT NULL COMMENT '课程内容id',
  `course_introduce` varchar(512) CHARACTER SET utf8mb4 COLLATE utf8mb4_0900_ai_ci NOT NULL COMMENT '课程介绍',
  `use_people` varchar(512) CHARACTER SET utf8mb4 COLLATE utf8mb4_0900_ai_ci NOT NULL COMMENT '适用人群',
  `course_detail` varchar(1024) CHARACTER SET utf8mb4 COLLATE utf8mb4_0900_ai_ci NOT NULL COMMENT '课程详情',
  `dep_id` bigint NOT NULL DEFAULT 0 COMMENT '部门id',
  `create_time` datetime NOT NULL DEFAULT CURRENT_TIMESTAMP COMMENT '创建时间',
  `update_time` datetime NOT NULL DEFAULT CURRENT_TIMESTAMP ON UPDATE CURRENT_TIMESTAMP COMMENT '更新时间',
  `creater` bigint NOT NULL COMMENT '创建人',
  `updater` bigint NOT NULL COMMENT '更新人',
  `deleted` tinyint NOT NULL DEFAULT 0 COMMENT '逻辑删除',
  PRIMARY KEY (`id`) USING BTREE
) ENGINE = InnoDB CHARACTER SET = utf8mb4 COLLATE = utf8mb4_0900_ai_ci COMMENT = '课程内容，主要是一些大文本' ROW_FORMAT = Dynamic;

-- ----------------------------
-- Records of course_content
-- ----------------------------
INSERT INTO `course_content` VALUES (1, '课程1是一个不错的课程', '全部人群', '简单、高效', 0, '2022-07-22 16:58:46', '2022-09-03 17:33:25', 0, 0, 0);
INSERT INTO `course_content` VALUES (2, '课程2也是一个不错的课程', '老年人', '慢工出细活', 0, '2022-07-22 16:59:28', '2022-07-22 16:59:28', 0, 0, 0);
INSERT INTO `course_content` VALUES (3, '课程3也很不错', '小学生', '语文学习', 0, '2022-07-22 17:01:46', '2022-07-22 17:01:46', 0, 0, 0);
INSERT INTO `course_content` VALUES (4, '课程4不错', '中学生', '123', 0, '2022-07-22 17:02:19', '2022-07-22 17:02:19', 0, 0, 0);
INSERT INTO `course_content` VALUES (5, '课程5很多人都喜欢', '年轻人', '搞笑', 0, '2022-07-22 17:02:52', '2022-07-22 17:02:52', 0, 0, 0);
INSERT INTO `course_content` VALUES (6, '课程6，mysql', '老师', '学会教学生', 0, '2022-07-22 17:03:17', '2023-04-13 21:06:09', 0, 0, 0);
INSERT INTO `course_content` VALUES (7, '课程7不错', '男生', '很潮', 0, '2022-07-22 17:03:45', '2022-07-22 17:03:45', 0, 0, 0);
INSERT INTO `course_content` VALUES (8, '课程8不错', '女生', '很亮', 0, '2022-07-22 17:04:11', '2022-07-22 17:04:11', 0, 0, 0);
INSERT INTO `course_content` VALUES (9, '课程9有用', '喜欢做菜的人', '教你100道鲁菜', 0, '2022-07-22 17:05:29', '2022-07-22 17:05:29', 0, 10, 0);
INSERT INTO `course_content` VALUES (10, '课程10', '想考驾照的人', '教会你科目1到科目4怎么快速通关', 0, '2022-07-22 17:06:32', '2022-07-22 17:06:32', 0, 0, 0);
INSERT INTO `course_content` VALUES (1549025085494521857, '课程介绍', '适用人群', '课程详情', 0, '2022-07-18 21:35:34', '2022-07-18 21:35:34', 0, 0, 0);
INSERT INTO `course_content` VALUES (1552558707325374467, '2022全新升级，全面覆盖8大业务方向，16大企业案例针对0基础用户研发，对标大厂用人标准从入门到全栈开发到项目构建，一次性直达就业标准', '1231231', '0基础入行互联网，就选前端,进大厂拿高薪，非IT背景可学，IT背景更要学！,就业方向广,几乎所有行业，都需要前端人才,教育,电商,社交,游戏,旅游,医疗,娱乐,服务,职业前景好,应用场景广阔，在哪都有用武之地,网站开发,移动端网页,小程序,H5页面,支付宝程序,门户网站,手机APP,微信公众号,学习门槛低,无背景要求，无专业限制,在校学生,0基础转行,学历低,文科生,想拿高薪,职业瓶颈,非计算机专业,想进大厂', 0, '2022-07-31 21:23:50', '2022-09-05 10:47:37', 1, 1, 0);
INSERT INTO `course_content` VALUES (1589888774267072513, '本课程针对有一定后端基础，想快速学习前端知识的同学。内容涉及HTML、CSS、JS、Vue2、Vue3、React、jQuery 等知识，侧重快速掌握 js 和前端框架、更为适合工作重心在后端，需要兼顾前端的开发者，学习者可以根据自己需要灵活选择。课程不仅会涉及框架的使用、还会讲解到框架的原理和相关的 web 知识、能帮助学习者理解的更为透彻。', '有一定后端基础，想快速学习前端知识的同学。', '内容涉及HTML、CSS、JS、Vue2、Vue3、React、jQuery 等知识，侧重快速掌握 js 和前端框架、更为适合工作重心在后端，需要兼顾前端的开发者，学习者可以根据自己需要灵活选择。课程不仅会涉及框架的使用、还会讲解到框架的原理和相关的 web 知识、能帮助学习者理解的更为透彻。', 0, '2022-11-08 15:53:17', '2022-11-08 15:53:17', 1, 1, 0);
INSERT INTO `course_content` VALUES (1589905661084430337, '可能是史上最全的微服务技术栈课程，由黑马名师授课，你值的拥有', '有一定的Java开发基础，熟练使用了SpringBoot、MyBatis等基础框架', '可能是史上最全的微服务技术栈课程，由黑马名师授课，你值的拥有', 0, '2022-11-08 17:00:23', '2022-11-08 17:00:23', 1, 1, 0);

-- ----------------------------
-- Table structure for course_content_draft
-- ----------------------------
DROP TABLE IF EXISTS `course_content_draft`;
CREATE TABLE `course_content_draft`  (
  `id` bigint NOT NULL COMMENT '课程内容id',
  `course_introduce` varchar(512) CHARACTER SET utf8mb4 COLLATE utf8mb4_0900_ai_ci NOT NULL COMMENT '课程介绍',
  `use_people` varchar(512) CHARACTER SET utf8mb4 COLLATE utf8mb4_0900_ai_ci NOT NULL COMMENT '适用人群',
  `course_detail` varchar(1024) CHARACTER SET utf8mb4 COLLATE utf8mb4_0900_ai_ci NOT NULL COMMENT '课程详情',
  `dep_id` bigint NOT NULL DEFAULT 0 COMMENT '部门id',
  `create_time` datetime NOT NULL DEFAULT CURRENT_TIMESTAMP COMMENT '创建时间',
  `update_time` datetime NOT NULL DEFAULT CURRENT_TIMESTAMP ON UPDATE CURRENT_TIMESTAMP COMMENT '更新时间',
  `creater` bigint NOT NULL DEFAULT 0 COMMENT '创建人',
  `updater` bigint NOT NULL DEFAULT 0 COMMENT '更新人',
  `deleted` tinyint NOT NULL DEFAULT 0 COMMENT '逻辑删除',
  PRIMARY KEY (`id`) USING BTREE
) ENGINE = InnoDB CHARACTER SET = utf8mb4 COLLATE = utf8mb4_0900_ai_ci COMMENT = '课程内容，主要是一些大文本' ROW_FORMAT = Dynamic;

-- ----------------------------
-- Records of course_content_draft
-- ----------------------------
INSERT INTO `course_content_draft` VALUES (8, '课程8不错', '女生', '很亮', 0, '2022-07-22 17:04:11', '2022-07-22 17:04:11', 0, 0, 0);
INSERT INTO `course_content_draft` VALUES (9, '课程9有用', '喜欢做菜的人', '教你100道鲁菜', 0, '2022-07-22 17:05:29', '2022-07-22 17:05:29', 0, 10, 0);
INSERT INTO `course_content_draft` VALUES (1548954885243879425, '课程介绍', '适用人群', '课程详情', 0, '2022-07-18 16:56:37', '2022-07-18 16:56:37', 0, 0, 0);
INSERT INTO `course_content_draft` VALUES (1549004589176565762, '课程介绍', '适用人群', '课程详情', 0, '2022-07-18 20:14:07', '2022-07-18 20:14:07', 0, 0, 0);
INSERT INTO `course_content_draft` VALUES (1549020421537472514, '课程介绍', '适用人群', '课程详情', 0, '2022-07-18 21:17:02', '2022-07-18 21:17:02', 0, 0, 0);
INSERT INTO `course_content_draft` VALUES (1550054013982044162, '课程介绍', '适用人群', '课程详情', 0, '2022-07-21 17:44:11', '2022-07-21 17:44:11', 0, 0, 0);
INSERT INTO `course_content_draft` VALUES (1552558707325374466, 'zvdzsDVsd', 'zvzsd', 'zvzsvdzvd', 0, '2022-07-28 15:36:55', '2022-07-28 15:36:55', 0, 0, 0);
INSERT INTO `course_content_draft` VALUES (1552558707325374468, '2022全新升级，全面覆盖8大业务方向，16大企业案例针对0基础用户研发，对标大厂用人标准从入门到全栈开发到项目构建，一次性直达就业标准', '', '0基础入行互联网，就选前端,进大厂拿高薪，非IT背景可学，IT背景更要学！,就业方向广,几乎所有行业，都需要前端人才,教育,电商,社交,游戏,旅游,医疗,娱乐,服务,职业前景好,应用场景广阔，在哪都有用武之地,网站开发,移动端网页,小程序,H5页面,支付宝程序,门户网站,手机APP,微信公众号,学习门槛低,无背景要求，无专业限制,在校学生,0基础转行,学历低,文科生,想拿高薪,职业瓶颈,非计算机专业,想进大厂', 0, '2022-07-31 21:25:08', '2022-07-31 21:25:08', 0, 0, 0);
INSERT INTO `course_content_draft` VALUES (1552558707325374469, '2022全新升级，全面覆盖8大业务方向，16大企业案例针对0基础用户研发，对标大厂用人标准从入门到全栈开发到项目构建，一次性直达就业标准', '', '0基础入行互联网，就选前端,进大厂拿高薪，非IT背景可学，IT背景更要学！,就业方向广,几乎所有行业，都需要前端人才,教育,电商,社交,游戏,旅游,医疗,娱乐,服务,职业前景好,应用场景广阔，在哪都有用武之地,网站开发,移动端网页,小程序,H5页面,支付宝程序,门户网站,手机APP,微信公众号,学习门槛低,无背景要求，无专业限制,在校学生,0基础转行,学历低,文科生,想拿高薪,职业瓶颈,非计算机专业,想进大厂', 0, '2022-07-31 21:25:31', '2022-07-31 21:25:31', 0, 0, 0);

-- ----------------------------
-- Table structure for course_draft
-- ----------------------------
DROP TABLE IF EXISTS `course_draft`;
CREATE TABLE `course_draft`  (
  `id` bigint NOT NULL COMMENT '课程草稿id，对应正式草稿id',
  `name` varchar(80) CHARACTER SET utf8mb4 COLLATE utf8mb4_0900_ai_ci NOT NULL COMMENT '课程名称',
  `course_type` tinyint NOT NULL DEFAULT 2 COMMENT '课程类型，1：直播课，2：录播课',
  `cover_url` varchar(255) CHARACTER SET utf8mb4 COLLATE utf8mb4_0900_ai_ci NOT NULL COMMENT '封面链接',
  `first_cate_id` bigint NOT NULL COMMENT '一级课程分类id',
  `second_cate_id` bigint NOT NULL DEFAULT 0 COMMENT '二级课程分类id',
  `third_cate_id` bigint NOT NULL DEFAULT 0 COMMENT '三级课程分类id',
  `free` tinyint NOT NULL DEFAULT 0 COMMENT '售卖方式0付费，1：免费',
  `price` int NOT NULL COMMENT '课程价格，单位为分',
  `template_type` tinyint NOT NULL DEFAULT 1 COMMENT '模板类型，1：固定模板，2：自定义模板',
  `template_url` varchar(255) CHARACTER SET utf8mb4 COLLATE utf8mb4_0900_ai_ci NOT NULL DEFAULT '' COMMENT '自定义模板的连接',
  `status` tinyint NOT NULL DEFAULT 0 COMMENT '课程状态，0：待上架，1：已上架，2：下架，3：已完结',
  `purchase_start_time` datetime NULL DEFAULT NULL COMMENT '课程购买有效期开始时间',
  `purchase_end_time` datetime NOT NULL COMMENT '课程购买有效期结束时间',
  `step` tinyint NOT NULL COMMENT '信息填写进度1：基本信息已经保存，2：课程目录已经保存，3：课程视频已保存，4：课程题目已保存，5：课程老师已经保存',
  `score` int NULL DEFAULT 0 COMMENT '课程评价得分，45代表4.5星',
  `media_duration` int NOT NULL DEFAULT 0 COMMENT '视频总时长',
  `valid_duration` int NOT NULL DEFAULT 0 COMMENT '课程有效期，单位月',
  `section_num` int NOT NULL DEFAULT 0 COMMENT '课程总节数',
  `can_update` tinyint NOT NULL DEFAULT 1 COMMENT '是否可以更新',
  `dep_id` bigint NOT NULL DEFAULT 0 COMMENT '部门id',
  `publish_time` datetime NULL DEFAULT NULL COMMENT '最近一次发布时间',
  `create_time` datetime NOT NULL DEFAULT CURRENT_TIMESTAMP COMMENT '创建时间',
  `update_time` datetime NOT NULL DEFAULT CURRENT_TIMESTAMP ON UPDATE CURRENT_TIMESTAMP COMMENT '更新时间',
  `creater` bigint NOT NULL DEFAULT 0 COMMENT '创建人',
  `updater` bigint NOT NULL DEFAULT 0 COMMENT '更新人',
  `deleted` tinyint NOT NULL DEFAULT 0 COMMENT '逻辑删除',
  `c_version` int NULL DEFAULT 1,
  PRIMARY KEY (`id`) USING BTREE
) ENGINE = InnoDB CHARACTER SET = utf8mb4 COLLATE = utf8mb4_0900_ai_ci COMMENT = '草稿课程' ROW_FORMAT = Dynamic;

-- ----------------------------
-- Records of course_draft
-- ----------------------------
INSERT INTO `course_draft` VALUES (8, '课程8', 2, '/img-tx/default-cover-url.jpg', 1001, 2001, 3003, 0, 10000, 1, '', 3, '2022-07-23 16:46:33', '2023-12-23 16:46:38', 5, 45, 0, 12, 12, 0, 0, '2022-11-11 17:13:40', '2022-07-22 16:48:11', '2023-03-23 08:53:46', 1, 1, 0, 1);
INSERT INTO `course_draft` VALUES (9, '课程9', 2, '/img-tx/default-cover-url.jpg', 1001, 2001, 3003, 0, 10000, 1, '', 3, '2022-07-23 16:46:33', '2023-12-23 16:46:38', 5, 47, 0, 12, 12, 0, 0, '2022-11-11 17:37:32', '2022-07-22 16:48:11', '2023-03-23 08:53:43', 1, 1, 0, 1);
INSERT INTO `course_draft` VALUES (1548945168148832258, 'java泛型', 2, '', 1001, 2002, 3007, 1, 10001, 1, '', 0, '2022-09-01 12:00:00', '2023-08-01 10:00:00', 1, NULL, 12, 0, 0, 1, 0, NULL, '2022-07-18 16:18:00', '2023-03-23 09:06:12', 1, 1, 0, 1);
INSERT INTO `course_draft` VALUES (1548954885243879425, 'java泛型', 2, '', 1001, 2002, 3007, 1, 10001, 1, '', 0, '2022-09-01 12:00:00', '2023-08-01 10:00:00', 1, NULL, 12, 0, 0, 1, 0, NULL, '2022-07-18 16:56:37', '2023-03-23 09:06:14', 1, 1, 0, 1);
INSERT INTO `course_draft` VALUES (1549004589176565762, 'java泛型', 2, '', 2002, 3007, 3007, 1, 10001, 1, '', 0, '2022-09-01 12:00:00', '2023-08-01 10:00:00', 1, NULL, 0, 0, 0, 1, 0, NULL, '2022-07-18 20:14:07', '2023-03-23 09:06:15', 1, 1, 0, 1);
INSERT INTO `course_draft` VALUES (1549020421537472514, 'java泛型', 2, '', 2002, 3007, 3007, 1, 0, 1, '', 0, '2022-09-01 12:00:00', '2023-08-01 10:00:00', 1, NULL, 0, 0, 0, 1, 0, NULL, '2022-07-18 21:17:02', '2023-03-23 09:06:18', 1, 1, 0, 1);
INSERT INTO `course_draft` VALUES (1550054013982044162, 'java泛型', 2, '', 2002, 3007, 3007, 1, 0, 1, '', 0, '2022-08-01 12:00:00', '2023-09-01 10:00:00', 2, NULL, 0, 0, 0, 1, 0, NULL, '2022-07-21 17:44:11', '2023-03-23 09:06:20', 1, 1, 0, 1);
INSERT INTO `course_draft` VALUES (1552558707325374466, 'xdf ', 2, '82cbaa5c46a144c1a57330d248e02409.png', 2078, 3615, 3615, 0, 5000, 1, '', 0, '2022-07-27 00:00:00', '2023-07-30 00:00:00', 1, NULL, 9999, 9999, 0, 1, 0, NULL, '2022-07-28 15:36:55', '2023-03-23 09:06:21', 1, 1, 0, 1);
INSERT INTO `course_draft` VALUES (1552558707325374468, '前端工程师2022版', 2, '', 1001, 2001, 3003, 0, 96760, 1, '', 1, '2022-08-03 00:00:00', '2023-08-03 00:00:00', 1, NULL, 0, 34, 0, 1, 0, NULL, '2022-07-31 21:25:08', '2022-11-02 21:12:28', 1, 1, 0, 1);
INSERT INTO `course_draft` VALUES (1552558707325374469, '前端工程师2022版', 2, '', 1001, 2001, 3003, 0, 79781, 1, '', 1, '2022-08-03 00:00:00', '2023-08-03 00:00:00', 1, NULL, 0, 12, 0, 1, 0, NULL, '2022-07-31 21:25:31', '2022-11-02 21:12:30', 1, 1, 0, 1);

-- ----------------------------
-- Table structure for course_subject
-- ----------------------------
DROP TABLE IF EXISTS `course_subject`;
CREATE TABLE `course_subject`  (
  `id` bigint NOT NULL AUTO_INCREMENT COMMENT '课程题目关系id',
  `course_id` bigint NOT NULL,
  `subject_id` bigint NOT NULL,
  PRIMARY KEY (`id`) USING BTREE
) ENGINE = InnoDB AUTO_INCREMENT = 7 CHARACTER SET = utf8mb4 COLLATE = utf8mb4_0900_ai_ci COMMENT = '课程题目关系列表' ROW_FORMAT = Dynamic;

-- ----------------------------
-- Records of course_subject
-- ----------------------------
INSERT INTO `course_subject` VALUES (5, 1, 16);
INSERT INTO `course_subject` VALUES (6, 2, 16);

-- ----------------------------
-- Table structure for course_teacher
-- ----------------------------
DROP TABLE IF EXISTS `course_teacher`;
CREATE TABLE `course_teacher`  (
  `id` bigint NOT NULL COMMENT '课程老师关系id',
  `course_id` bigint NOT NULL COMMENT '课程id',
  `teacher_id` bigint NOT NULL COMMENT '老师id',
  `is_show` tinyint NOT NULL DEFAULT 0 COMMENT '用户端是否展示',
  `c_index` int NOT NULL COMMENT '序号',
  `dep_id` bigint NOT NULL COMMENT '部门id',
  `create_time` datetime NOT NULL COMMENT '创建时间',
  `update_time` datetime NOT NULL COMMENT '更新时间',
  `creater` bigint NOT NULL COMMENT '创建人',
  `updater` bigint NOT NULL COMMENT '更新人',
  `deleted` tinyint NOT NULL COMMENT '逻辑删除',
  PRIMARY KEY (`id`) USING BTREE
) ENGINE = InnoDB CHARACTER SET = utf8mb4 COLLATE = utf8mb4_0900_ai_ci COMMENT = '课程老师关系表草稿' ROW_FORMAT = Dynamic;

-- ----------------------------
-- Records of course_teacher
-- ----------------------------
INSERT INTO `course_teacher` VALUES (123, 123, 123, 1, 123, 1, '2022-07-20 21:59:45', '2022-07-20 21:59:48', 1, 1, 0);
INSERT INTO `course_teacher` VALUES (124, 1549025085494521857, 1548940921662365698, 1, 0, 0, '2022-07-25 15:57:12', '2022-07-25 15:57:12', 0, 0, 0);
INSERT INTO `course_teacher` VALUES (126, 1, 1548941336596471809, 1, 0, 0, '2022-09-03 13:49:09', '2022-09-03 13:49:09', 0, 0, 0);
INSERT INTO `course_teacher` VALUES (127, 2, 1549358501685448706, 1, 123, 1, '2022-07-20 21:59:45', '2022-07-20 21:59:48', 1, 1, 0);
INSERT INTO `course_teacher` VALUES (128, 3, 1549358967710371842, 1, 123, 1, '2022-07-20 21:59:45', '2022-07-20 21:59:48', 1, 1, 0);
INSERT INTO `course_teacher` VALUES (129, 3, 1549358501685448706, 1, 123, 1, '2022-07-20 21:59:45', '2022-07-20 21:59:48', 1, 1, 0);
INSERT INTO `course_teacher` VALUES (130, 4, 1548940921662365698, 1, 123, 1, '2022-07-20 21:59:45', '2022-07-20 21:59:48', 1, 1, 0);
INSERT INTO `course_teacher` VALUES (131, 4, 1549358501685448706, 1, 123, 1, '2022-07-20 21:59:45', '2022-07-20 21:59:48', 1, 1, 0);
INSERT INTO `course_teacher` VALUES (132, 5, 1548889371405492225, 1, 123, 1, '2022-07-20 21:59:45', '2022-07-20 21:59:48', 1, 1, 0);
INSERT INTO `course_teacher` VALUES (133, 5, 1549358501685448706, 1, 123, 1, '2022-07-20 21:59:45', '2022-07-20 21:59:48', 1, 1, 0);
INSERT INTO `course_teacher` VALUES (134, 6, 1549358967710371842, 1, 123, 1, '2022-07-20 21:59:45', '2022-07-20 21:59:48', 1, 1, 0);
INSERT INTO `course_teacher` VALUES (135, 6, 1549358501685448706, 1, 123, 1, '2022-07-20 21:59:45', '2022-07-20 21:59:48', 1, 1, 0);
INSERT INTO `course_teacher` VALUES (136, 7, 1549358967710371842, 1, 123, 1, '2022-07-20 21:59:45', '2022-07-20 21:59:48', 1, 1, 0);
INSERT INTO `course_teacher` VALUES (137, 7, 1549358501685448706, 1, 123, 1, '2022-07-20 21:59:45', '2022-07-20 21:59:48', 1, 1, 0);
INSERT INTO `course_teacher` VALUES (138, 8, 1549358967710371842, 1, 123, 1, '2022-07-20 21:59:45', '2022-07-20 21:59:48', 1, 1, 0);
INSERT INTO `course_teacher` VALUES (139, 8, 1549358501685448706, 1, 123, 1, '2022-07-20 21:59:45', '2022-07-20 21:59:48', 1, 1, 0);
INSERT INTO `course_teacher` VALUES (140, 9, 1549358967710371842, 1, 123, 1, '2022-07-20 21:59:45', '2022-07-20 21:59:48', 1, 1, 0);
INSERT INTO `course_teacher` VALUES (141, 9, 1549358501685448706, 1, 123, 1, '2022-07-20 21:59:45', '2022-07-20 21:59:48', 1, 1, 0);
INSERT INTO `course_teacher` VALUES (142, 10, 1549358967710371842, 1, 123, 1, '2022-07-20 21:59:45', '2022-07-20 21:59:48', 1, 1, 0);
INSERT INTO `course_teacher` VALUES (143, 10, 1549358501685448706, 1, 123, 1, '2022-07-20 21:59:45', '2022-07-20 21:59:48', 1, 1, 0);
INSERT INTO `course_teacher` VALUES (144, 1552558707325374467, 1565885870605664257, 1, 0, 0, '2022-11-03 10:15:28', '2022-11-03 10:15:28', 1, 1, 0);
INSERT INTO `course_teacher` VALUES (145, 1589888774267072513, 1548940676303970306, 1, 0, 0, '2022-11-08 16:03:32', '2022-11-08 16:03:32', 1, 1, 0);
INSERT INTO `course_teacher` VALUES (146, 1589888774267072513, 1548889371405492225, 1, 1, 0, '2022-11-08 16:03:32', '2022-11-08 16:03:32', 1, 1, 0);
INSERT INTO `course_teacher` VALUES (147, 1589905661084430337, 1565891617586503681, 1, 0, 0, '2022-11-08 17:04:36', '2022-11-08 17:04:36', 1, 1, 0);
INSERT INTO `course_teacher` VALUES (148, 1589905661084430337, 1548941239125041153, 1, 1, 0, '2022-11-08 17:04:36', '2022-11-08 17:04:36', 1, 1, 0);

-- ----------------------------
-- Table structure for course_teacher_draft
-- ----------------------------
DROP TABLE IF EXISTS `course_teacher_draft`;
CREATE TABLE `course_teacher_draft`  (
  `id` bigint NOT NULL AUTO_INCREMENT COMMENT '课程老师关系id',
  `course_id` bigint NOT NULL COMMENT '课程id',
  `teacher_id` bigint NOT NULL COMMENT '老师id',
  `is_show` tinyint NOT NULL DEFAULT 0 COMMENT '用户端是否展示',
  `c_index` int NOT NULL COMMENT '序号',
  `dep_id` bigint NOT NULL DEFAULT 0 COMMENT '部门id',
  `create_time` datetime NOT NULL DEFAULT CURRENT_TIMESTAMP COMMENT '创建时间',
  `update_time` datetime NOT NULL DEFAULT CURRENT_TIMESTAMP ON UPDATE CURRENT_TIMESTAMP COMMENT '更新时间',
  `creater` bigint NOT NULL DEFAULT 0 COMMENT '创建人',
  `updater` bigint NOT NULL DEFAULT 0 COMMENT '更新人',
  `deleted` tinyint NOT NULL DEFAULT 0 COMMENT '逻辑删除',
  PRIMARY KEY (`id`) USING BTREE
) ENGINE = InnoDB AUTO_INCREMENT = 149 CHARACTER SET = utf8mb4 COLLATE = utf8mb4_0900_ai_ci COMMENT = '课程老师关系表草稿' ROW_FORMAT = Dynamic;

-- ----------------------------
-- Records of course_teacher_draft
-- ----------------------------
INSERT INTO `course_teacher_draft` VALUES (123, 123, 123, 1, 123, 1, '2022-07-20 21:59:45', '2022-07-20 21:59:48', 1, 1, 0);
INSERT INTO `course_teacher_draft` VALUES (138, 8, 1549358967710371842, 1, 123, 1, '2022-07-20 21:59:45', '2022-07-20 21:59:48', 1, 1, 0);
INSERT INTO `course_teacher_draft` VALUES (139, 8, 1549358501685448706, 1, 123, 1, '2022-07-20 21:59:45', '2022-07-20 21:59:48', 1, 1, 0);
INSERT INTO `course_teacher_draft` VALUES (140, 9, 1549358967710371842, 1, 123, 1, '2022-07-20 21:59:45', '2022-07-20 21:59:48', 1, 1, 0);
INSERT INTO `course_teacher_draft` VALUES (141, 9, 1549358501685448706, 1, 123, 1, '2022-07-20 21:59:45', '2022-07-20 21:59:48', 1, 1, 0);

-- ----------------------------
-- Table structure for subject
-- ----------------------------
DROP TABLE IF EXISTS `subject`;
CREATE TABLE `subject`  (
  `id` bigint NOT NULL AUTO_INCREMENT COMMENT '题目id',
  `name` varchar(512) CHARACTER SET utf8mb4 COLLATE utf8mb4_0900_ai_ci NOT NULL COMMENT '题干',
  `subject_type` tinyint NOT NULL COMMENT '题目类型，1：单选题，2：多选题，3：不定向选择题，4：判断题，5：主观题',
  `difficulty` tinyint NOT NULL COMMENT '难易度，1：简单，2：中等，3：困难',
  `option1` varchar(512) CHARACTER SET utf8mb4 COLLATE utf8mb4_0900_ai_ci NOT NULL DEFAULT '' COMMENT '选择题答案1，',
  `option2` varchar(512) CHARACTER SET utf8mb4 COLLATE utf8mb4_0900_ai_ci NOT NULL DEFAULT '' COMMENT '选择题答案2',
  `option3` varchar(512) CHARACTER SET utf8mb4 COLLATE utf8mb4_0900_ai_ci NOT NULL DEFAULT '' COMMENT '选择题答案3',
  `option4` varchar(512) CHARACTER SET utf8mb4 COLLATE utf8mb4_0900_ai_ci NOT NULL DEFAULT '' COMMENT '选择题答案4',
  `option5` varchar(512) CHARACTER SET utf8mb4 COLLATE utf8mb4_0900_ai_ci NOT NULL DEFAULT '' COMMENT '选择题答案5',
  `option6` varchar(512) CHARACTER SET utf8mb4 COLLATE utf8mb4_0900_ai_ci NOT NULL DEFAULT '' COMMENT '选择题答案6',
  `option7` varchar(512) CHARACTER SET utf8mb4 COLLATE utf8mb4_0900_ai_ci NOT NULL DEFAULT '' COMMENT '选择题答案7',
  `option8` varchar(512) CHARACTER SET utf8mb4 COLLATE utf8mb4_0900_ai_ci NOT NULL DEFAULT '' COMMENT '选择题答案8',
  `option9` varchar(512) CHARACTER SET utf8mb4 COLLATE utf8mb4_0900_ai_ci NOT NULL DEFAULT '' COMMENT '选择题答案9',
  `option10` varchar(512) CHARACTER SET utf8mb4 COLLATE utf8mb4_0900_ai_ci NOT NULL DEFAULT '' COMMENT '选择题答案10',
  `answer` varchar(40) CHARACTER SET utf8mb4 COLLATE utf8mb4_0900_ai_ci NOT NULL COMMENT '选择题正确答案1到10，如果有多个答案，中间使用逗号隔开，如果是判断题，1：代表正确，其他代表错误',
  `analysis` varchar(1024) CHARACTER SET utf8mb4 COLLATE utf8mb4_0900_ai_ci NULL DEFAULT '' COMMENT '答案解析',
  `use_times` int NOT NULL DEFAULT 0 COMMENT '引用次数',
  `answer_times` int NOT NULL DEFAULT 0 COMMENT '回答次数',
  `score` int NOT NULL COMMENT '分值',
  `dep_id` bigint NULL DEFAULT NULL COMMENT '部门id',
  `create_time` datetime NOT NULL DEFAULT CURRENT_TIMESTAMP COMMENT '创建时间',
  `update_time` datetime NOT NULL DEFAULT CURRENT_TIMESTAMP ON UPDATE CURRENT_TIMESTAMP COMMENT '更新时间',
  `creater` bigint NOT NULL COMMENT '创建人',
  `updater` bigint NOT NULL COMMENT '更新人',
  `deleted` tinyint NOT NULL DEFAULT 0 COMMENT '逻辑删除',
  PRIMARY KEY (`id`) USING BTREE
) ENGINE = InnoDB AUTO_INCREMENT = 70 CHARACTER SET = utf8mb4 COLLATE = utf8mb4_0900_ai_ci COMMENT = '题目' ROW_FORMAT = Dynamic;

-- ----------------------------
-- Records of subject
-- ----------------------------
INSERT INTO `subject` VALUES (6, '<p>上的这首歌</p>', 2, 2, '<p>共三个俺是个</p>', '<p>aas噶时光人撒</p>', '<p>德国人发生过</p>', '<p>是个色鬼是</p>', '', '', '', '', '', '', '1,2,3,4,1', '<p>是个色鬼</p>', 1, 0, 2, NULL, '2022-07-15 17:04:48', '2022-08-01 11:34:35', 0, 1, 0);
INSERT INTO `subject` VALUES (7, '', 0, 0, '', '', '', '', '', '', '', '', '', '', '1', '', 0, 0, 2, NULL, '2022-07-15 17:04:54', '2022-07-30 07:13:13', 0, 0, 1);
INSERT INTO `subject` VALUES (8, '123456', 0, 0, '', '', '', '', '', '', '', '', '', '', '1', '11234', 0, 0, 3, NULL, '2022-07-15 17:09:24', '2022-08-05 18:07:59', 0, 0, 1);
INSERT INTO `subject` VALUES (9, '123456', 0, 0, '', '', '', '', '', '', '', '', '', '', '1', '11234', 0, 0, 4, NULL, '2022-07-15 17:09:39', '2022-08-01 11:38:21', 0, 0, 1);
INSERT INTO `subject` VALUES (10, '123456', 0, 0, '', '', '', '', '', '', '', '', '', '', '1', '11234', 0, 0, 5, NULL, '2022-07-15 17:10:16', '2022-08-05 18:08:38', 0, 0, 1);
INSERT INTO `subject` VALUES (11, '<p>测试了没有数据</p>', 1, 1, '<p>测试了没有数据了呀杀杀杀公司</p>', '<p>测试了没有数据了呀杀杀杀公司</p>', '<p>测试了没有数据了呀杀杀杀公司</p>', '<p>测试了没有数据了呀杀杀杀公司</p>', '', '', '', '', '', '', '1', '<p>测试了没有数据了呀杀杀杀公司</p>', 0, 0, 6, NULL, '2022-07-15 17:10:43', '2022-08-13 11:11:32', 0, 1, 0);
INSERT INTO `subject` VALUES (12, '123456', 0, 0, '', '', '', '', '', '', '', '', '', '', '1,2', '11234', 0, 0, 7, NULL, '2022-07-15 17:11:00', '2022-08-05 18:08:03', 0, 0, 1);
INSERT INTO `subject` VALUES (13, '123456', 0, 0, '1', '2', '3', '', '', '', '', '', '', '', '1,2', '11234', 0, 0, 8, NULL, '2022-07-15 17:24:39', '2022-07-17 09:04:42', 0, 0, 0);
INSERT INTO `subject` VALUES (14, '123456', 0, 0, '1', '2', '3', '', '', '', '', '', '', '', '1,3', '11234', 0, 0, 9, NULL, '2022-07-15 17:29:26', '2022-07-17 09:04:44', 0, 0, 0);
INSERT INTO `subject` VALUES (15, '123456', 1, 1, '1', '2', '3', '', '', '', '', '', '', '', '1,3', '11234', 0, 0, 10, NULL, '2022-07-15 17:37:35', '2022-07-17 09:04:46', 0, 0, 0);
INSERT INTO `subject` VALUES (16, '123458', 5, 1, '1', '2', '3', '', '', '', '', '', '', '', '1,3', '11234', 0, 0, 0, NULL, '2022-07-15 17:41:49', '2022-07-17 14:42:16', 0, 0, 0);
INSERT INTO `subject` VALUES (17, '123457', 5, 1, '1', '2', '3', '', '', '', '', '', '', '', '1,3', '11234', 0, 0, 0, NULL, '2022-07-17 14:16:36', '2022-07-17 14:16:36', 0, 0, 0);
INSERT INTO `subject` VALUES (18, 'java有多少种基础数据类型', 2, 1, '1', '2', '3', '4', '8', '', '', '', '', '', '4', '常用数据类型', 0, 0, 2, NULL, '2022-07-22 17:26:41', '2022-07-22 17:26:41', 0, 0, 0);
INSERT INTO `subject` VALUES (19, '用来在做注册中的技术有哪些', 2, 2, 'zookeeper', 'nacos', 'euraka', 'spring', 'mysql', '', '', '', '', '', '1,2,3', '你猜猜', 0, 0, 3, NULL, '2022-07-22 17:29:19', '2022-07-22 17:29:19', 0, 0, 0);
INSERT INTO `subject` VALUES (20, '<p>下单顺丰单号给是的范冰冰黑色版和肤色和111111</p>', 2, 2, '<p>是对方身上是的分布式的喉舌和222222</p>', '<p>岁的法国士大夫撒旦公司的和肤色还是333333</p>', '<p>士大夫敢死队和的公司都会感受到还是444444</p>', '<p>是法国圣戈班高峰时段规划实施5555555</p>', '', '', '', '', '', '', '2,3,1', '<p>适当方式的改变三国时代给皇上的话收到黑色灰色或所发生的666666</p>', 0, 0, 1, NULL, '2022-07-30 12:33:50', '2022-08-13 10:33:09', 1, 1, 0);
INSERT INTO `subject` VALUES (21, '<p>第二道题测试</p>', 2, 2, '<p>第二道题测试</p>', '<p>第二道题测试</p>', '<p>第二道题测试</p>', '<p>第二道题测试</p>', '', '', '', '', '', '', '4,2,3,1', '<p>第二道题测试</p>', 0, 0, 1, NULL, '2022-07-30 12:36:25', '2022-08-05 18:44:05', 1, 0, 0);
INSERT INTO `subject` VALUES (22, '<p>1</p>', 2, 2, '<p>1</p>', '<p>1</p>', '<p>1</p>', '<p>1</p>', '', '', '', '', '', '', '1,2', '', 0, 0, 1, NULL, '2022-07-31 07:34:34', '2022-08-01 12:20:40', 0, 0, 1);
INSERT INTO `subject` VALUES (23, '<p>12222</p>', 2, 2, '<p>1</p>', '<p>1</p>', '<p>1</p>', '<p>1</p>', '', '', '', '', '', '', '1,2', '', 0, 0, 1, NULL, '2022-07-31 07:35:22', '2022-08-01 12:20:14', 0, 0, 1);
INSERT INTO `subject` VALUES (24, '<p>drtjdfjhdrjdrjt</p>', 3, 2, '<p>xbfxcbfxdbf</p>', '<p>xbnxdfrhnxdfnxdfhn</p>', '<p>xcbnxdfhnbn</p>', '<p>dxbndcfhndndfhn</p>', '', '', '', '', '', '', '1', '<p>dhjdrjthjhr</p>', 0, 0, 6, NULL, '2022-08-01 08:04:39', '2022-08-01 11:52:10', 1, 1, 1);
INSERT INTO `subject` VALUES (25, '<p>asdgzws</p>', 3, 2, '<p>zgbvzxgdfzxg</p>', '<p>zgbzxdfsg</p>', '<p>fxdfffxbfxdfbxdfbxdbxdf</p>', '<p>xfbxdfbxdfbxdbf</p>', '', '', '', '', '', '', '4', '<p>zxfbxdfxfbxdf</p>', 0, 0, 5, NULL, '2022-08-01 08:18:19', '2022-08-01 11:40:22', 1, 1, 1);
INSERT INTO `subject` VALUES (26, '<p>dhfdhdhfdhdffhdh</p>', 1, 2, '<p>dhdrfhdrdfhdfhh</p>', '<p>dhdhgdhdfhdfhdfhg</p>', '<p>dhdhgdhgdhgdhdhg</p>', '<p>dhdrjhdrjhdrjdrjg</p>', '', '', '', '', '', '', '4', '<p>djdfjdfjfdjjrjydt</p>', 0, 0, 6, NULL, '2022-08-01 08:35:53', '2022-08-01 11:38:49', 1, 1, 1);
INSERT INTO `subject` VALUES (27, '<p>的的</p>', 2, 2, '<p>饿的</p>', '<p>的的</p>', '<p>的的</p>', '<p>的的</p>', '', '', '', '', '', '', '1,2', '<p>的</p>', 0, 0, 3, NULL, '2022-08-05 18:47:57', '2022-08-05 18:47:57', 1, 1, 0);
INSERT INTO `subject` VALUES (28, '<p>dfjhdrjhdrjdrjdrtj</p>', 2, 2, '<p>dfnjmdjmncfjmnfcjmn</p>', '<p>cfncfjmncfjmntfjmtfj</p>', '<p>fcjncfjmfgjtfgjtfj</p>', '<p>jnfgjtfjtfjktfj</p>', '', '', '', '', '', '', '4,3,2', '<p>fjmfgjfjtfyj</p>', 0, 0, 50, NULL, '2022-08-05 18:48:08', '2022-08-05 18:48:08', 1553261064266833922, 1553261064266833922, 0);
INSERT INTO `subject` VALUES (29, '<p>、是我的的的味道</p>', 2, 2, '<p>是我是我的的的味道</p>', '<p>是我的的的味道是我的的的味道</p>', '<p>是我测是我的的的味道</p>', '<p>是我的的的味道</p>', '', '', '', '', '', '', '4,1', '<p>是我的的的味道</p>', 0, 0, 2, NULL, '2022-08-05 18:48:44', '2022-08-05 18:48:44', 1, 1, 0);
INSERT INTO `subject` VALUES (30, '<p>带我去呃带我去呃带我去呃</p>', 2, 1, '<p>的带我去呃带我去呃</p>', '<p>带我去呃带我去呃</p>', '<p>带我去呃带我去呃带我去呃带我去呃</p>', '<p>带我去呃带我去呃带我去呃带我去呃</p>', '', '', '', '', '', '', '1,2', '<p>带我去呃带我去呃带我去呃</p>', 0, 0, 1, NULL, '2022-08-05 18:49:58', '2022-08-05 19:22:29', 1, 1, 1);
INSERT INTO `subject` VALUES (31, '<p>fxcbxhnbcfhncfngcf</p>', 2, 1, '<p>fncfgncfgncfgncfgnfxbgxdfgbfxd</p>', '<p>ngcfgnxcgncfgnngcfn</p>', '<p>xdnxdnxcncfgncxfgncfgn</p>', '<p>xngxgnfncfgncfgngn</p>', '', '', '', '', '', '', '1,2,3', '<p>xdnbxgnxcfgncfgncfngcfgnng</p>', 0, 0, 8, NULL, '2022-08-05 18:50:19', '2022-08-05 18:50:19', 1553261064266833922, 1553261064266833922, 0);
INSERT INTO `subject` VALUES (32, '<p>这是刘刘的测试</p>', 2, 1, '<p>这是刘刘的测试</p>', '<p>这是刘刘的测试</p>', '<p>这是刘刘的测试</p>', '<p>这是刘刘的测试</p>', '', '', '', '', '', '', '3,4', '<p>这是刘刘的测试</p>', 0, 0, 12, NULL, '2022-08-05 18:57:51', '2022-08-05 18:58:45', 1, 1, 0);
INSERT INTO `subject` VALUES (33, '<p>发染发人发染发人发染发人</p>', 3, 3, '<p>发染发人发染发人发染发人发染发人</p>', '<p>发染发人发染发人</p>', '<p>发染发人发染发人发染发人</p>', '<p>发染发人发染发人发染发人发染发人发染发人</p>', '', '', '', '', '', '', '4,3', '<p>发染发人发染发人发染发人发染发人</p>', 0, 0, 3, NULL, '2022-08-05 19:20:18', '2022-08-05 19:20:18', 1, 1, 0);
INSERT INTO `subject` VALUES (34, '<p>发染发人</p>', 4, 1, '<p>发染发人</p>', '<p>发染发人</p>', '<p>发染发人</p>', '<p>发染发人</p>', '', '', '', '', '', '', '2', '<p>发染发人</p>', 0, 0, 43, NULL, '2022-08-05 19:23:45', '2022-08-05 19:33:33', 1, 1, 0);
INSERT INTO `subject` VALUES (35, '<p>的的的</p>', 2, 1, '<p>的的的</p>', '<p>的的的</p>', '<p>的的的</p>', '<p>的的的</p>', '', '', '', '', '', '', '4,3', '<p>的的的</p>', 0, 0, 2, NULL, '2022-08-05 19:25:29', '2022-08-05 19:25:29', 1, 1, 0);
INSERT INTO `subject` VALUES (36, '<p>的户外 iu 的和 u 为 i的和 iu 的回味</p>', 2, 2, '<p>的户外 iu 的和 u 为 i的和 iu 的回味</p>', '<p>的户外 iu 的和 u 为 i的和 iu 的回味</p>', '<p>的户外 iu 的和 u 为 i的和 iu 的回味</p>', '<p>的户外 iu 的和 u 为 i的和 iu 的回味</p>', '', '', '', '', '', '', '4,3', '<p>的户外 iu 的和 u 为 i的和 iu 的回味</p>', 0, 0, 4, NULL, '2022-08-05 19:37:40', '2022-08-05 19:37:40', 1, 1, 0);
INSERT INTO `subject` VALUES (37, '<p>提示：<span style=\"color: #ff3b30;\">正确答案为空，请设置正确答案；提示：正确答案为空，请设置正确答案；提示：正确答案为空，请设置正确答案；提示：正确答案为空，请设置正确答案；提示：正确答案为空，请设置正确答案；</span></p>', 2, 2, '<p>提示：<span style=\"color: #ff3b30;\">正确答案为空，请设置正确答案；提示：正确答案为空，请设置正确答案；提示：正确答案为空，请设置正确答案；提示：正确答案为空，请设置正确答案；提示：正确答案为空，请设置正确答案；提示：正确答案为空，请设置正确答案；提示：正确答案为空，请设置正确答案；提示：正确答案为空，请设置正确答案；提示：正确答案为空，请设置正确答案；提示：正确答案为空，请设置正确答案；提示：正确答案为空，请设置正确答案；提示：正确答案为空，请设置正确答案；提示：正确答案为空，请设置正确答案；提示：正确答案为空，请设置正确答案；</span></p>', '<p>提示：<span style=\"color: #ff3b30;\">正确答案为空，请设置正确答案；提示：正确答案为空，请设置正确答案；提示：正确答案为空，请设置正确答案；</span></p>', '<p>提示：<span style=\"color: #ff3b30;\">正确答案为空，请设置正确答案；</span></p>', '<p>提示：<span style=\"color: #ff3b30;\">正确答案为空，请设置正确答案；</span></p>', '', '', '', '', '', '', '1,2,3,4', '<p>提示：<span style=\"color: #ff3b30;\">正确答案为空，请设置正确答案；</span></p>', 0, 0, 3, NULL, '2022-08-05 19:57:07', '2022-08-05 20:03:59', 1, 1, 1);
INSERT INTO `subject` VALUES (38, '<p>fgbxchng</p>', 1, 1, '<p>dfbcgng</p>', '<p>gncfgncfgn</p>', '<p>xgcfncfn</p>', '<p>xgncfngn</p>', '', '', '', '', '', '', '3', '<p>xngcfgnng</p>', 0, 0, 44, NULL, '2022-08-06 09:33:01', '2022-08-06 09:33:01', 0, 0, 0);
INSERT INTO `subject` VALUES (39, '<p>sdfsdhfxedh</p>', 2, 2, '<p>sdfhfhxhn</p>', '<p>srfgsdhfxhf</p>', '<p>xdfbxdbh</p>', '<p>xfgbcnfgcgn</p>', '', '', '', '', '', '', '4,3', '<p>xgncfgncfng</p>', 0, 0, 5, NULL, '2022-08-06 09:34:20', '2022-08-06 09:34:20', 0, 0, 0);
INSERT INTO `subject` VALUES (40, '<p>fgftjfjdfj</p>', 1, 1, '<p>jfjtfjfj</p>', '<p>jnfjj</p>', '<p>mnfgjmfjfj</p>', '<p>fmfgjff</p>', '', '', '', '', '', '', '4', '<p>fgmfgmfgmmh</p>', 0, 0, 4, NULL, '2022-08-06 09:49:26', '2022-08-06 15:05:13', 1, 1, 0);
INSERT INTO `subject` VALUES (41, '<p>cgbcfncfncfngc</p>', 1, 2, '<p>fncfmncfcfmcmn</p>', '<p>cmcgmgvmvgmgvm</p>', '<p>gvmgvhmgvmgvmkgvh</p>', '<p>gmgvhmgkvgf</p>', '', '', '', '', '', '', '3', '<p>现代女性的佛教传入附件发个邮件头发即可</p>', 0, 0, 5, NULL, '2022-08-06 15:07:29', '2022-08-06 15:07:29', 1, 1, 0);
INSERT INTO `subject` VALUES (43, '<p>1111111发热 v热 v 俄方猜测发热 v热 v 俄方猜测发热 v热 v 俄方猜测发热 v热 v 俄方猜测发热 v热 v 俄方猜测发热 v热 v 俄方猜测</p>', 3, 1, '<p>发热 v热 v 俄方猜测发热 v热 v 俄方猜测发热 v热 v 俄方猜测</p>', '<p>发热 v热 v 俄方猜测发热 v热 v 俄方猜测发热 v热 v 俄方猜测</p>', '<p>发热 v热 v 俄方猜测发热 v热 v 俄方猜测发热 v热 v 俄方猜测</p>', '<p>发热 v热 v 俄方猜测发热 v热 v 俄方猜测发热 v热 v 俄方猜测发热 v热 v 俄方猜测呃呃呃呃呃</p>', '', '', '', '', '', '', '2,1,4', '<p>发热 v热 v 俄方猜测发热 v热 v 俄方猜测发热 v热 v 俄方猜测发热 v热 v 俄方猜测</p>', 0, 0, 3, NULL, '2022-08-08 14:16:19', '2022-08-08 14:17:12', 1554309900264730626, 1554309900264730626, 0);
INSERT INTO `subject` VALUES (44, '<p>fsdzgdzgzge</p>', 1, 2, '<p>zfbzxdfbzxdb</p>', '<p>bfxdfbxd</p>', '<p>bfxdbfxbxfdfbzxd</p>', '<p>xdbxdffb</p>', '', '', '', '', '', '', '3', '<p>xdbfxdfbxdfb</p>', 0, 0, 1, NULL, '2022-08-08 15:04:11', '2022-08-08 15:04:11', 1553261064266833922, 1553261064266833922, 0);
INSERT INTO `subject` VALUES (45, '<p>显示fsdzgdzgzgefsdzgdzgzge</p>', 2, 2, '<p>显示fsdzgdzgzgefsdzgdzgzge</p>', '<p>显示fsdzgdzgzgefsdzgdzgzge显示fsdzgdzgzgefsdzgdzgzge</p>', '<p>显示fsdzgdzgzgefsdzgdzgzge显示fsdzgdzgzgefsdzgdzgzge显示fsdzgdzgzgefsdzgdzgzge显示fsdzgdzgzgefsdzgdzgzge显示fsdzgdzgzgefsdzgdzgzge显示fsdzgdzgzgefsdzgdzgzge显示fsdzgdzgzgefsdzgdzgzge显示fsdzgdzgzgefsdzgdzgzge显示fsdzgdzgzgefsdzgdzgzge显示fsdzgdzgzgefsdzgdzgzge显示fsdzgdzgzgefsdzgdzgzge显示fsdzgdzgzgefsdzgdzgzge</p>', '<p>显示fsdzgdzgzgefsdzgdzgzge</p>', '', '', '', '', '', '', '4,3', '<p>显示fsdzgdzgzgefsdzgdzgzge显示fsdzgdzgzgefsdzgdzgzge显示fsdzgdzgzgefsdzgdzgzge显示fsdzgdzgzgefsdzgdzgzge显示fsdzgdzgzgefsdzgdzgzge显示fsdzgdzgzgefsdzgdzgzge显示fsdzgdzgzgefsdzgdzgzge显示fsdzgdzgzgefsdzgdzgzge</p>', 0, 0, 2, NULL, '2022-08-09 18:13:55', '2022-08-09 18:13:55', 1554309900264730626, 1554309900264730626, 0);
INSERT INTO `subject` VALUES (46, '<p>xfbxdbfxdbfxdbfxdbnxgnf</p>', 1, 1, '<p>xfbxxngxfgnfxcgncgnfg</p>', '<p>cngcgncgncfgncfgn</p>', '<p>cngcgncfgncfnfn</p>', '<p>cngcngcfgncfgnf</p>', '', '', '', '', '', '', '4', '', 0, 0, 4, NULL, '2022-08-13 11:48:33', '2022-08-13 11:48:33', 1, 1, 0);
INSERT INTO `subject` VALUES (47, '<p>xfxchxchfhxhfh</p>', 2, 1, '<p>cgncfngcfngng</p>', '<p>cncvngcgncgncfngn</p>', '<p>cngcfgncfgncfgncfgncfgncfg</p>', '<p>cgcfgncfgncfng</p>', '', '', '', '', '', '', '4,3', '', 0, 0, 4, NULL, '2022-08-13 11:50:32', '2022-08-13 11:50:32', 1, 1, 0);
INSERT INTO `subject` VALUES (48, '<p>&nbsp;bbb bm b ncv mnhcvhmnvhmnvghm</p>', 3, 2, '<p>cncncmnhcvhmncvhmncvhmncvmn</p>', '<p>vmvmhvhmvmh</p>', '<p>vmhvmhvhmvvh</p>', '<p>vhmvmhvmhvgmvgm</p>', '', '', '', '', '', '', '4', '', 0, 0, 1, NULL, '2022-08-13 11:51:32', '2022-08-13 15:03:24', 1, 1, 1);
INSERT INTO `subject` VALUES (49, '<p>xdxdhxhxhgxcfghcfgh</p>', 4, 3, '', '', '', '', '', '', '', '', '', '', '1', '', 0, 0, 4, NULL, '2022-08-13 11:52:14', '2022-08-13 15:03:22', 1, 1, 1);
INSERT INTO `subject` VALUES (50, '<p>xfxdfgbxdfxdfhxdfgb</p>', 3, 2, '<p>zgfbxdfbxdfbxdfb</p>', '<p>xfbxdfbxdfxdffb</p>', '<p>xdfhbxdfhbxdfhbxdfb</p>', '<p>xdfbxdfbxdfbhxdfb</p>', '', '', '', '', '', '', '4', '<p>xfhbxdfbxdfbxdbf</p>', 0, 0, 4, NULL, '2022-08-13 11:55:11', '2022-08-13 15:03:20', 1, 1, 1);
INSERT INTO `subject` VALUES (51, '<p>zvxdfgbxdbfxdb</p>', 1, 1, '<p>gcfbnxcfn</p>', '<p>cfgncfncfngfn</p>', '<p>cfncfngcfncfgn</p>', '<p>cfncfncfgncfng</p>', '', '', '', '', '', '', '4', '<p>cfncfngcfgnn</p>', 0, 0, 1, NULL, '2022-08-13 13:43:33', '2022-08-13 15:03:17', 0, 1, 1);
INSERT INTO `subject` VALUES (52, '<p>v hmvmvgm</p>', 1, 1, '<p>gmhgvhmgvhmgv</p>', '<p>vghmgvhmgvhgv</p>', '<p>chmgvhmgvhmgvhm</p>', '<p>hmgvmvgm</p>', '', '', '', '', '', '', '4', '<p>cmhvhmvghbmhbg</p>', 0, 0, 1, NULL, '2022-08-13 13:45:38', '2022-08-13 15:03:15', 1, 1, 1);
INSERT INTO `subject` VALUES (53, '<p>gfghfgfghfcg</p>', 1, 1, '<p>cgncfgncfgnfcng</p>', '<p>dfgncfgncfnn</p>', '<p>cfgncfncfgcfgncfng</p>', '<p>cncngcvgncf</p>', '', '', '', '', '', '', '4', '<p>gncngcgn</p>', 0, 0, 1, NULL, '2022-08-13 14:40:43', '2022-08-13 15:03:12', 1, 1, 1);
INSERT INTO `subject` VALUES (54, '<p>zdvzsvddv</p>', 1, 1, '<p>zdvzsdvzsdv</p>', '<p>sghdhdhtertrth</p>', '<p>hdfhdffgcgncgnc</p>', '<p>cgncfngcfgncfng</p>', '', '', '', '', '', '', '4,4', '<p>cfgncfgncfgnng</p>', 0, 0, 4, NULL, '2022-08-13 14:41:18', '2022-08-13 15:03:09', 1, 1, 1);
INSERT INTO `subject` VALUES (55, '<p>xbgxfgbd</p>', 2, 2, '<p>xfbxdbfd</p>', '<p>xdbxdfbxdfbxd</p>', '<p>xfbxdfbxdfbf</p>', '<p>xfbxdfbxdfbxdb</p>', '', '', '', '', '', '', '4,3,2,1', '<p>cfgncfgncfgnng</p>', 0, 0, 50, NULL, '2022-08-13 14:41:53', '2022-08-13 15:03:07', 1, 1, 1);
INSERT INTO `subject` VALUES (56, '<p>xcfbxdbfxdfbxdfb的回归大海</p>', 2, 2, '<p>xbfgxdfbxdfb符合规定复合体</p>', '<p>xdfbxdbxdfb好的合同发给</p>', '<p>xdfbxdfbxdb好的话</p>', '<p>xfbxdbfxdfb的话现代化喜欢</p>', '', '', '', '', '', '', '4,3,2,1,4,3', '<p>xfbxdfbxdfbxddbf采访活动放假放假</p>', 0, 0, 4, NULL, '2022-08-13 14:42:39', '2022-08-13 15:03:05', 1, 1, 1);
INSERT INTO `subject` VALUES (57, '<p>cgbcfgnn</p>', 2, 2, '<p>cngcfngcfng</p>', '<p>cgncfgncfgnf</p>', '<p>cngcfngcfng</p>', '<p>cgncfngcfng</p>', '', '', '', '', '', '', '4,3', '<p>cngcfgncfg</p>', 0, 0, 4, NULL, '2022-08-13 14:55:04', '2022-08-13 15:03:03', 1, 1, 1);
INSERT INTO `subject` VALUES (58, '<p>xvbxdbdxb</p>', 2, 2, '<p>xbxdb</p>', '<p>xbxbxdbfd</p>', '<p>xbxdbxdbf</p>', '<p>xfbxdbfxdbf</p>', '', '', '', '', '', '', '4,3,1,2', '<p>xdbfxdbf</p>', 0, 0, 4, NULL, '2022-08-13 14:55:37', '2022-08-13 15:02:50', 1, 1, 1);
INSERT INTO `subject` VALUES (59, '<p>dxfxcd</p>', 2, 2, '<p>fbxdbb</p>', '<p>xfbxdfbxdbf</p>', '<p>xbfxdfbxd</p>', '<p>xbfxdfbxdb</p>', '', '', '', '', '', '', '3,4', '<p>xbfxdxf</p>', 0, 0, 1, NULL, '2022-08-13 14:59:50', '2022-08-13 15:02:53', 1, 1, 1);
INSERT INTO `subject` VALUES (60, '<p>zfxvbxdbfxdb</p>', 2, 2, '<p>fbxd</p>', '<p>xfbxdfbxd</p>', '<p>xfbxdfb</p>', '<p>zxdfbxdfbxdx</p>', '', '', '', '', '', '', '4,3', '<p>xbfxdbb</p>', 0, 0, 1, NULL, '2022-08-13 15:01:34', '2022-08-13 15:02:57', 1, 1, 1);
INSERT INTO `subject` VALUES (61, '<p>xbxdffbxdb</p>', 2, 2, '<p>xbfxdbxdbf</p>', '<p>xfbxdfbxdfb</p>', '<p>xfbxdfbxd</p>', '<p>xfbxdfbf</p>', '', '', '', '', '', '', '1,2', '<p>xdfbxdbb</p>', 0, 0, 4, NULL, '2022-08-13 15:02:07', '2022-08-13 15:02:55', 1, 1, 1);
INSERT INTO `subject` VALUES (62, '<p>测试开始啦</p>', 2, 2, '<p>测试开始啦</p>', '<p>测试开始啦</p>', '<p>测试开始啦</p>', '<p>测试开始啦</p>', '', '', '', '', '', '', '3,4', '<p>测试开始啦</p>', 0, 0, 6, NULL, '2022-08-13 15:04:59', '2022-08-13 15:04:59', 1, 1, 0);
INSERT INTO `subject` VALUES (63, '<p>又一个测试开始啦测试开始啦</p>', 2, 2, '<p>测试开始啦测试开始啦测试开始啦测试开始啦测试开始啦测试开始啦</p>', '<p>测试开始啦测试开始啦测试开始啦测试开始啦测试开始啦</p>', '<p>测试开始啦测试开始啦测试开始啦测试开始啦测试开始啦</p>', '<p>测试开始啦测试开始啦测试开始啦测试开始啦</p>', '', '', '', '', '', '', '1,2', '<p>测试开始啦测试开始啦测试开始啦测试开始啦</p>', 0, 0, 9, NULL, '2022-08-13 15:05:34', '2022-08-13 15:05:34', 1, 1, 0);
INSERT INTO `subject` VALUES (64, '<p>dvzsdvzdvzvd</p>', 2, 2, '<p>zdvzsdvzsdv</p>', '<p>zdvzsdvzsdvzsdv</p>', '<p>zsdvzsdvzsdv</p>', '<p>zdvzsdvzsdvz</p>', '', '', '', '', '', '', '3,4', '', 0, 0, 1, NULL, '2022-08-13 15:44:15', '2022-08-13 15:44:15', 1, 1, 0);
INSERT INTO `subject` VALUES (65, '<p>ghmfgvhmgvhmgvm</p>', 2, 2, '<p>xngcfgncfgncf</p>', '<p>gncfgncfng</p>', '<p>xngcfgncfgn</p>', '<p>xcfgncfgncfgn</p>', '', '', '', '', '', '', '1,2', '<p>cfgncf</p>', 0, 0, 1, NULL, '2022-08-13 15:44:50', '2022-08-13 15:44:50', 1, 1, 0);
INSERT INTO `subject` VALUES (66, '<p>小刚的专属单选题，不要随便修改</p>', 1, 1, '<p>对</p>', '<p>不对</p>', '<p>对不对</p>', '<p>是不是不对</p>', '', '', '', '', '', '', '4', '', 0, 0, 2, NULL, '2022-08-18 13:51:52', '2022-08-18 13:56:32', 1, 1, 0);
INSERT INTO `subject` VALUES (67, '<p>小刚的专属多选题，不要随便修改</p>', 2, 2, '<p>不能修改</p>', '<p>就是不能修改</p>', '<p>谁都不能修改</p>', '<p>谁敢修改</p>', '', '', '', '', '', '', '1,3', '', 0, 0, 3, NULL, '2022-08-18 13:53:14', '2022-08-18 13:53:14', 1, 1, 0);
INSERT INTO `subject` VALUES (68, '<p>小刚的专属不定向选题，不要随便修改</p>', 3, 1, '<p>不修改</p>', '<p>就是不修改</p>', '<p>修改了</p>', '<p>该不该修改</p>', '', '', '', '', '', '', '1', '', 0, 0, 1, NULL, '2022-08-18 13:54:29', '2022-08-18 13:54:29', 1, 1, 0);
INSERT INTO `subject` VALUES (69, '<p>小刚的专属单选题，不要随便修改</p>', 4, 3, '', '', '', '', '', '', '', '', '', '', '1', '', 0, 0, 2, NULL, '2022-08-18 13:55:57', '2022-08-18 13:55:57', 1, 1, 0);

-- ----------------------------
-- Table structure for subject_category
-- ----------------------------
DROP TABLE IF EXISTS `subject_category`;
CREATE TABLE `subject_category`  (
  `id` bigint NOT NULL AUTO_INCREMENT COMMENT 'id',
  `subject_id` bigint NOT NULL COMMENT '题目id',
  `first_cate_id` bigint NOT NULL COMMENT '一级课程分类id',
  `second_cate_id` bigint NULL DEFAULT NULL COMMENT '二级课程分类id',
  `third_cate_id` bigint NULL DEFAULT NULL COMMENT '三级课程分类id',
  PRIMARY KEY (`id`) USING BTREE
) ENGINE = InnoDB AUTO_INCREMENT = 5334 CHARACTER SET = utf8mb4 COLLATE = utf8mb4_0900_ai_ci COMMENT = '课程分类关系表' ROW_FORMAT = Dynamic;

-- ----------------------------
-- Records of subject_category
-- ----------------------------
INSERT INTO `subject_category` VALUES (1, 1, 1001, 2001, 1001);
INSERT INTO `subject_category` VALUES (5, 1001, 1001, 2002, 1001);
INSERT INTO `subject_category` VALUES (6, 10, 1001, 2002, 1001);
INSERT INTO `subject_category` VALUES (8, 1001, 1001, 2003, 1001);
INSERT INTO `subject_category` VALUES (9, 13, 1001, 2003, 1001);
INSERT INTO `subject_category` VALUES (10, 14, 1001, 2003, 1001);
INSERT INTO `subject_category` VALUES (11, 15, 1001, 2004, 1001);
INSERT INTO `subject_category` VALUES (13, 17, 1001, 1001, 1001);
INSERT INTO `subject_category` VALUES (3933, 22, 1001, 2001, 3003);
INSERT INTO `subject_category` VALUES (3934, 23, 1001, 2001, 3003);
INSERT INTO `subject_category` VALUES (3935, 23, 1001, 2001, 3004);
INSERT INTO `subject_category` VALUES (3936, 23, 1001, 2001, 3051);
INSERT INTO `subject_category` VALUES (3937, 23, 1001, 2001, 3053);
INSERT INTO `subject_category` VALUES (3938, 23, 1001, 2001, 3054);
INSERT INTO `subject_category` VALUES (3939, 23, 1001, 2001, 3474);
INSERT INTO `subject_category` VALUES (3940, 23, 1001, 2001, 3476);
INSERT INTO `subject_category` VALUES (3941, 23, 1001, 2001, 3590);
INSERT INTO `subject_category` VALUES (3942, 23, 1001, 2002, 3007);
INSERT INTO `subject_category` VALUES (3943, 23, 1001, 2002, 3371);
INSERT INTO `subject_category` VALUES (3944, 23, 1001, 2003, 3021);
INSERT INTO `subject_category` VALUES (3945, 23, 1001, 2003, 3022);
INSERT INTO `subject_category` VALUES (3946, 23, 1001, 2003, 3218);
INSERT INTO `subject_category` VALUES (3947, 23, 1001, 2003, 3523);
INSERT INTO `subject_category` VALUES (3948, 23, 1001, 2004, 3353);
INSERT INTO `subject_category` VALUES (3949, 23, 1001, 2004, 3356);
INSERT INTO `subject_category` VALUES (3950, 23, 1001, 2004, 3381);
INSERT INTO `subject_category` VALUES (3951, 23, 1001, 2005, 3030);
INSERT INTO `subject_category` VALUES (3952, 23, 1001, 2005, 3032);
INSERT INTO `subject_category` VALUES (3953, 23, 1001, 2005, 3033);
INSERT INTO `subject_category` VALUES (3954, 23, 1001, 2005, 3220);
INSERT INTO `subject_category` VALUES (3955, 23, 1001, 2005, 3255);
INSERT INTO `subject_category` VALUES (3956, 23, 1001, 2005, 3432);
INSERT INTO `subject_category` VALUES (3957, 23, 1001, 2006, 3034);
INSERT INTO `subject_category` VALUES (3958, 23, 1001, 2006, 3252);
INSERT INTO `subject_category` VALUES (3959, 23, 1001, 2006, 3253);
INSERT INTO `subject_category` VALUES (3960, 23, 1001, 2006, 3254);
INSERT INTO `subject_category` VALUES (3961, 23, 1001, 2006, 3382);
INSERT INTO `subject_category` VALUES (3962, 23, 1001, 2006, 3428);
INSERT INTO `subject_category` VALUES (3963, 23, 1001, 2006, 3429);
INSERT INTO `subject_category` VALUES (3964, 23, 1001, 2007, 3036);
INSERT INTO `subject_category` VALUES (3965, 23, 1001, 2007, 3221);
INSERT INTO `subject_category` VALUES (3966, 23, 1001, 2007, 3406);
INSERT INTO `subject_category` VALUES (3967, 23, 1001, 2007, 3424);
INSERT INTO `subject_category` VALUES (3968, 23, 1001, 2007, 3425);
INSERT INTO `subject_category` VALUES (3969, 23, 1001, 2007, 3427);
INSERT INTO `subject_category` VALUES (3970, 23, 1001, 2007, 3498);
INSERT INTO `subject_category` VALUES (3971, 23, 1001, 2008, 3039);
INSERT INTO `subject_category` VALUES (3972, 23, 1001, 2008, 3040);
INSERT INTO `subject_category` VALUES (3973, 23, 1001, 2008, 3041);
INSERT INTO `subject_category` VALUES (3974, 23, 1001, 2008, 3222);
INSERT INTO `subject_category` VALUES (3975, 23, 1001, 2008, 3300);
INSERT INTO `subject_category` VALUES (3976, 23, 1001, 2008, 3333);
INSERT INTO `subject_category` VALUES (3977, 23, 1001, 2008, 3365);
INSERT INTO `subject_category` VALUES (3978, 23, 1001, 2009, 3043);
INSERT INTO `subject_category` VALUES (3979, 23, 1001, 2009, 3044);
INSERT INTO `subject_category` VALUES (3980, 23, 1001, 2009, 3045);
INSERT INTO `subject_category` VALUES (3981, 23, 1001, 2009, 3050);
INSERT INTO `subject_category` VALUES (3982, 23, 1001, 2009, 3379);
INSERT INTO `subject_category` VALUES (3983, 23, 1001, 2009, 3447);
INSERT INTO `subject_category` VALUES (3984, 23, 1001, 2009, 3458);
INSERT INTO `subject_category` VALUES (3985, 23, 1001, 2009, 3507);
INSERT INTO `subject_category` VALUES (3986, 23, 1001, 2043, 3240);
INSERT INTO `subject_category` VALUES (3987, 23, 1001, 2043, 3318);
INSERT INTO `subject_category` VALUES (3988, 23, 1001, 2043, 3320);
INSERT INTO `subject_category` VALUES (3989, 23, 1001, 2043, 3524);
INSERT INTO `subject_category` VALUES (3990, 23, 1001, 2054, 3390);
INSERT INTO `subject_category` VALUES (3991, 23, 1001, 2054, 3391);
INSERT INTO `subject_category` VALUES (3992, 23, 1001, 2054, 3392);
INSERT INTO `subject_category` VALUES (3993, 23, 1001, 2054, 3394);
INSERT INTO `subject_category` VALUES (3994, 23, 1001, 2054, 3395);
INSERT INTO `subject_category` VALUES (3995, 23, 1001, 2056, 3407);
INSERT INTO `subject_category` VALUES (3996, 23, 1001, 2056, 3408);
INSERT INTO `subject_category` VALUES (3997, 23, 1001, 2056, 3409);
INSERT INTO `subject_category` VALUES (3998, 23, 1001, 2056, 3410);
INSERT INTO `subject_category` VALUES (3999, 23, 1001, 2056, 3443);
INSERT INTO `subject_category` VALUES (4000, 23, 1001, 2056, 3444);
INSERT INTO `subject_category` VALUES (4001, 23, 1001, 2056, 3445);
INSERT INTO `subject_category` VALUES (4002, 23, 1001, 2057, 3461);
INSERT INTO `subject_category` VALUES (4003, 23, 1001, 2057, 3462);
INSERT INTO `subject_category` VALUES (4004, 23, 1001, 2057, 3482);
INSERT INTO `subject_category` VALUES (4005, 23, 1001, 2057, 3533);
INSERT INTO `subject_category` VALUES (4006, 23, 1001, 2064, 3544);
INSERT INTO `subject_category` VALUES (4007, 23, 1001, 2064, 3545);
INSERT INTO `subject_category` VALUES (4008, 23, 1001, 2064, 3546);
INSERT INTO `subject_category` VALUES (4009, 23, 1001, 2064, 3547);
INSERT INTO `subject_category` VALUES (4010, 23, 1001, 2066, 3579);
INSERT INTO `subject_category` VALUES (4011, 23, 1001, 2066, 3580);
INSERT INTO `subject_category` VALUES (4948, 24, 1001, 2001, 3003);
INSERT INTO `subject_category` VALUES (4949, 24, 1001, 2001, 3004);
INSERT INTO `subject_category` VALUES (4950, 24, 1001, 2001, 3051);
INSERT INTO `subject_category` VALUES (4951, 24, 1001, 2001, 3053);
INSERT INTO `subject_category` VALUES (4952, 24, 1001, 2001, 3054);
INSERT INTO `subject_category` VALUES (4953, 24, 1001, 2001, 3474);
INSERT INTO `subject_category` VALUES (4954, 24, 1001, 2001, 3476);
INSERT INTO `subject_category` VALUES (4955, 24, 1001, 2001, 3590);
INSERT INTO `subject_category` VALUES (4956, 24, 1001, 2002, 3007);
INSERT INTO `subject_category` VALUES (4957, 24, 1001, 2002, 3371);
INSERT INTO `subject_category` VALUES (4958, 24, 1001, 2003, 3021);
INSERT INTO `subject_category` VALUES (4959, 24, 1001, 2003, 3022);
INSERT INTO `subject_category` VALUES (4960, 24, 1001, 2003, 3218);
INSERT INTO `subject_category` VALUES (4961, 24, 1001, 2003, 3523);
INSERT INTO `subject_category` VALUES (4962, 24, 1001, 2004, 3353);
INSERT INTO `subject_category` VALUES (4963, 24, 1001, 2004, 3356);
INSERT INTO `subject_category` VALUES (4964, 24, 1001, 2004, 3381);
INSERT INTO `subject_category` VALUES (4965, 24, 1001, 2005, 3030);
INSERT INTO `subject_category` VALUES (4966, 24, 1001, 2005, 3032);
INSERT INTO `subject_category` VALUES (4967, 24, 1001, 2005, 3033);
INSERT INTO `subject_category` VALUES (4968, 24, 1001, 2005, 3220);
INSERT INTO `subject_category` VALUES (4969, 24, 1001, 2005, 3255);
INSERT INTO `subject_category` VALUES (4970, 24, 1001, 2005, 3432);
INSERT INTO `subject_category` VALUES (4971, 24, 1001, 2006, 3034);
INSERT INTO `subject_category` VALUES (4972, 24, 1001, 2006, 3252);
INSERT INTO `subject_category` VALUES (4973, 24, 1001, 2006, 3253);
INSERT INTO `subject_category` VALUES (4974, 24, 1001, 2006, 3254);
INSERT INTO `subject_category` VALUES (4975, 24, 1001, 2006, 3382);
INSERT INTO `subject_category` VALUES (4976, 24, 1001, 2006, 3428);
INSERT INTO `subject_category` VALUES (4977, 24, 1001, 2006, 3429);
INSERT INTO `subject_category` VALUES (4978, 24, 1001, 2007, 3036);
INSERT INTO `subject_category` VALUES (4979, 24, 1001, 2007, 3221);
INSERT INTO `subject_category` VALUES (4980, 24, 1001, 2007, 3406);
INSERT INTO `subject_category` VALUES (4981, 24, 1001, 2007, 3424);
INSERT INTO `subject_category` VALUES (4982, 24, 1001, 2007, 3425);
INSERT INTO `subject_category` VALUES (4983, 24, 1001, 2007, 3427);
INSERT INTO `subject_category` VALUES (4984, 24, 1001, 2007, 3498);
INSERT INTO `subject_category` VALUES (4985, 24, 1001, 2008, 3039);
INSERT INTO `subject_category` VALUES (4986, 24, 1001, 2008, 3040);
INSERT INTO `subject_category` VALUES (4987, 24, 1001, 2008, 3041);
INSERT INTO `subject_category` VALUES (4988, 24, 1001, 2008, 3222);
INSERT INTO `subject_category` VALUES (4989, 24, 1001, 2008, 3300);
INSERT INTO `subject_category` VALUES (4990, 24, 1001, 2008, 3333);
INSERT INTO `subject_category` VALUES (4991, 24, 1001, 2008, 3365);
INSERT INTO `subject_category` VALUES (4992, 24, 1001, 2009, 3043);
INSERT INTO `subject_category` VALUES (4993, 24, 1001, 2009, 3044);
INSERT INTO `subject_category` VALUES (4994, 24, 1001, 2009, 3045);
INSERT INTO `subject_category` VALUES (4995, 24, 1001, 2009, 3050);
INSERT INTO `subject_category` VALUES (4996, 24, 1001, 2009, 3379);
INSERT INTO `subject_category` VALUES (4997, 24, 1001, 2009, 3447);
INSERT INTO `subject_category` VALUES (4998, 24, 1001, 2009, 3458);
INSERT INTO `subject_category` VALUES (4999, 24, 1001, 2009, 3507);
INSERT INTO `subject_category` VALUES (5000, 24, 1001, 2043, 3240);
INSERT INTO `subject_category` VALUES (5001, 24, 1001, 2043, 3318);
INSERT INTO `subject_category` VALUES (5002, 24, 1001, 2043, 3320);
INSERT INTO `subject_category` VALUES (5003, 24, 1001, 2043, 3524);
INSERT INTO `subject_category` VALUES (5004, 24, 1001, 2054, 3390);
INSERT INTO `subject_category` VALUES (5005, 24, 1001, 2054, 3391);
INSERT INTO `subject_category` VALUES (5006, 24, 1001, 2054, 3392);
INSERT INTO `subject_category` VALUES (5007, 24, 1001, 2054, 3394);
INSERT INTO `subject_category` VALUES (5008, 24, 1001, 2054, 3395);
INSERT INTO `subject_category` VALUES (5009, 24, 1001, 2056, 3407);
INSERT INTO `subject_category` VALUES (5010, 24, 1001, 2056, 3408);
INSERT INTO `subject_category` VALUES (5011, 24, 1001, 2056, 3409);
INSERT INTO `subject_category` VALUES (5012, 24, 1001, 2056, 3410);
INSERT INTO `subject_category` VALUES (5013, 24, 1001, 2056, 3443);
INSERT INTO `subject_category` VALUES (5014, 24, 1001, 2056, 3444);
INSERT INTO `subject_category` VALUES (5015, 24, 1001, 2056, 3445);
INSERT INTO `subject_category` VALUES (5016, 24, 1001, 2057, 3461);
INSERT INTO `subject_category` VALUES (5017, 24, 1001, 2057, 3462);
INSERT INTO `subject_category` VALUES (5018, 24, 1001, 2057, 3482);
INSERT INTO `subject_category` VALUES (5019, 24, 1001, 2057, 3533);
INSERT INTO `subject_category` VALUES (5020, 24, 1001, 2064, 3544);
INSERT INTO `subject_category` VALUES (5021, 24, 1001, 2064, 3545);
INSERT INTO `subject_category` VALUES (5022, 24, 1001, 2064, 3546);
INSERT INTO `subject_category` VALUES (5023, 24, 1001, 2064, 3547);
INSERT INTO `subject_category` VALUES (5024, 24, 1001, 2066, 3579);
INSERT INTO `subject_category` VALUES (5025, 24, 1001, 2066, 3580);
INSERT INTO `subject_category` VALUES (5026, 25, 1002, 2011, 3063);
INSERT INTO `subject_category` VALUES (5027, 25, 1002, 2011, 3239);
INSERT INTO `subject_category` VALUES (5028, 25, 1002, 2011, 3450);
INSERT INTO `subject_category` VALUES (5029, 25, 1002, 2011, 3509);
INSERT INTO `subject_category` VALUES (5030, 25, 1002, 2012, 3065);
INSERT INTO `subject_category` VALUES (5031, 25, 1002, 2012, 3066);
INSERT INTO `subject_category` VALUES (5032, 25, 1002, 2012, 3068);
INSERT INTO `subject_category` VALUES (5033, 25, 1002, 2012, 3226);
INSERT INTO `subject_category` VALUES (5034, 25, 1002, 2012, 3451);
INSERT INTO `subject_category` VALUES (5035, 25, 1002, 2014, 3092);
INSERT INTO `subject_category` VALUES (5036, 25, 1002, 2014, 3093);
INSERT INTO `subject_category` VALUES (5037, 25, 1002, 2014, 3094);
INSERT INTO `subject_category` VALUES (5038, 25, 1002, 2014, 3095);
INSERT INTO `subject_category` VALUES (5039, 25, 1002, 2014, 3228);
INSERT INTO `subject_category` VALUES (5040, 25, 1002, 2014, 3324);
INSERT INTO `subject_category` VALUES (5041, 25, 1002, 2014, 3452);
INSERT INTO `subject_category` VALUES (5042, 25, 1002, 2015, 3097);
INSERT INTO `subject_category` VALUES (5043, 25, 1002, 2015, 3098);
INSERT INTO `subject_category` VALUES (5044, 25, 1002, 2015, 3099);
INSERT INTO `subject_category` VALUES (5045, 25, 1002, 2015, 3229);
INSERT INTO `subject_category` VALUES (5046, 25, 1002, 2015, 3242);
INSERT INTO `subject_category` VALUES (5047, 25, 1002, 2015, 3374);
INSERT INTO `subject_category` VALUES (5048, 25, 1002, 2015, 3375);
INSERT INTO `subject_category` VALUES (5049, 25, 1002, 2015, 3453);
INSERT INTO `subject_category` VALUES (5050, 25, 1002, 2016, 3100);
INSERT INTO `subject_category` VALUES (5051, 25, 1002, 2016, 3102);
INSERT INTO `subject_category` VALUES (5052, 25, 1002, 2016, 3230);
INSERT INTO `subject_category` VALUES (5053, 25, 1002, 2016, 3373);
INSERT INTO `subject_category` VALUES (5054, 25, 1002, 2016, 3454);
INSERT INTO `subject_category` VALUES (5055, 25, 1002, 2016, 3588);
INSERT INTO `subject_category` VALUES (5056, 25, 1002, 2017, 3103);
INSERT INTO `subject_category` VALUES (5057, 25, 1002, 2017, 3104);
INSERT INTO `subject_category` VALUES (5058, 25, 1002, 2017, 3105);
INSERT INTO `subject_category` VALUES (5059, 25, 1002, 2017, 3231);
INSERT INTO `subject_category` VALUES (5060, 25, 1002, 2017, 3455);
INSERT INTO `subject_category` VALUES (5061, 25, 1002, 2018, 3106);
INSERT INTO `subject_category` VALUES (5062, 25, 1002, 2018, 3107);
INSERT INTO `subject_category` VALUES (5063, 25, 1002, 2018, 3108);
INSERT INTO `subject_category` VALUES (5064, 25, 1002, 2018, 3109);
INSERT INTO `subject_category` VALUES (5065, 25, 1002, 2018, 3232);
INSERT INTO `subject_category` VALUES (5066, 25, 1002, 2018, 3404);
INSERT INTO `subject_category` VALUES (5067, 25, 1002, 2018, 3456);
INSERT INTO `subject_category` VALUES (5068, 25, 1002, 2019, 3110);
INSERT INTO `subject_category` VALUES (5069, 25, 1002, 2019, 3233);
INSERT INTO `subject_category` VALUES (5070, 25, 1002, 2019, 3369);
INSERT INTO `subject_category` VALUES (5071, 25, 1002, 2019, 3370);
INSERT INTO `subject_category` VALUES (5072, 25, 1002, 2019, 3457);
INSERT INTO `subject_category` VALUES (5073, 25, 1002, 2041, 3234);
INSERT INTO `subject_category` VALUES (5074, 25, 1002, 2069, 3560);
INSERT INTO `subject_category` VALUES (5075, 25, 1002, 2069, 3561);
INSERT INTO `subject_category` VALUES (5076, 25, 1002, 2069, 3562);
INSERT INTO `subject_category` VALUES (5077, 25, 1002, 2069, 3563);
INSERT INTO `subject_category` VALUES (5156, 26, 1002, 2011, 3063);
INSERT INTO `subject_category` VALUES (5157, 26, 1002, 2011, 3239);
INSERT INTO `subject_category` VALUES (5158, 26, 1002, 2011, 3450);
INSERT INTO `subject_category` VALUES (5159, 26, 1002, 2011, 3509);
INSERT INTO `subject_category` VALUES (5160, 26, 1002, 2012, 3065);
INSERT INTO `subject_category` VALUES (5161, 26, 1002, 2012, 3066);
INSERT INTO `subject_category` VALUES (5162, 26, 1002, 2012, 3068);
INSERT INTO `subject_category` VALUES (5163, 26, 1002, 2012, 3226);
INSERT INTO `subject_category` VALUES (5164, 26, 1002, 2012, 3451);
INSERT INTO `subject_category` VALUES (5165, 26, 1002, 2014, 3092);
INSERT INTO `subject_category` VALUES (5166, 26, 1002, 2014, 3093);
INSERT INTO `subject_category` VALUES (5167, 26, 1002, 2014, 3094);
INSERT INTO `subject_category` VALUES (5168, 26, 1002, 2014, 3095);
INSERT INTO `subject_category` VALUES (5169, 26, 1002, 2014, 3228);
INSERT INTO `subject_category` VALUES (5170, 26, 1002, 2014, 3324);
INSERT INTO `subject_category` VALUES (5171, 26, 1002, 2014, 3452);
INSERT INTO `subject_category` VALUES (5172, 26, 1002, 2015, 3097);
INSERT INTO `subject_category` VALUES (5173, 26, 1002, 2015, 3098);
INSERT INTO `subject_category` VALUES (5174, 26, 1002, 2015, 3099);
INSERT INTO `subject_category` VALUES (5175, 26, 1002, 2015, 3229);
INSERT INTO `subject_category` VALUES (5176, 26, 1002, 2015, 3242);
INSERT INTO `subject_category` VALUES (5177, 26, 1002, 2015, 3374);
INSERT INTO `subject_category` VALUES (5178, 26, 1002, 2015, 3375);
INSERT INTO `subject_category` VALUES (5179, 26, 1002, 2015, 3453);
INSERT INTO `subject_category` VALUES (5180, 26, 1002, 2016, 3100);
INSERT INTO `subject_category` VALUES (5181, 26, 1002, 2016, 3102);
INSERT INTO `subject_category` VALUES (5182, 26, 1002, 2016, 3230);
INSERT INTO `subject_category` VALUES (5183, 26, 1002, 2016, 3373);
INSERT INTO `subject_category` VALUES (5184, 26, 1002, 2016, 3454);
INSERT INTO `subject_category` VALUES (5185, 26, 1002, 2016, 3588);
INSERT INTO `subject_category` VALUES (5186, 26, 1002, 2017, 3103);
INSERT INTO `subject_category` VALUES (5187, 26, 1002, 2017, 3104);
INSERT INTO `subject_category` VALUES (5188, 26, 1002, 2017, 3105);
INSERT INTO `subject_category` VALUES (5189, 26, 1002, 2017, 3231);
INSERT INTO `subject_category` VALUES (5190, 26, 1002, 2017, 3455);
INSERT INTO `subject_category` VALUES (5191, 26, 1002, 2018, 3106);
INSERT INTO `subject_category` VALUES (5192, 26, 1002, 2018, 3107);
INSERT INTO `subject_category` VALUES (5193, 26, 1002, 2018, 3108);
INSERT INTO `subject_category` VALUES (5194, 26, 1002, 2018, 3109);
INSERT INTO `subject_category` VALUES (5195, 26, 1002, 2018, 3232);
INSERT INTO `subject_category` VALUES (5196, 26, 1002, 2018, 3404);
INSERT INTO `subject_category` VALUES (5197, 26, 1002, 2018, 3456);
INSERT INTO `subject_category` VALUES (5198, 26, 1002, 2019, 3110);
INSERT INTO `subject_category` VALUES (5199, 26, 1002, 2019, 3233);
INSERT INTO `subject_category` VALUES (5200, 26, 1002, 2019, 3369);
INSERT INTO `subject_category` VALUES (5201, 26, 1002, 2019, 3370);
INSERT INTO `subject_category` VALUES (5202, 26, 1002, 2019, 3457);
INSERT INTO `subject_category` VALUES (5203, 26, 1002, 2041, 3234);
INSERT INTO `subject_category` VALUES (5204, 26, 1002, 2069, 3560);
INSERT INTO `subject_category` VALUES (5205, 26, 1002, 2069, 3561);
INSERT INTO `subject_category` VALUES (5206, 26, 1002, 2069, 3562);
INSERT INTO `subject_category` VALUES (5207, 26, 1002, 2069, 3563);
INSERT INTO `subject_category` VALUES (5258, 6, 1001, 2001, 3003);
INSERT INTO `subject_category` VALUES (5259, 21, 1001, 2066, 3580);
INSERT INTO `subject_category` VALUES (5260, 27, 1002, 2012, 3066);
INSERT INTO `subject_category` VALUES (5261, 28, 1001, 2001, 3003);
INSERT INTO `subject_category` VALUES (5262, 29, 1001, 2001, 3003);
INSERT INTO `subject_category` VALUES (5264, 31, 1001, 2002, 3371);
INSERT INTO `subject_category` VALUES (5266, 32, 1001, 2001, 3003);
INSERT INTO `subject_category` VALUES (5267, 30, 1001, 2002, 3371);
INSERT INTO `subject_category` VALUES (5268, 33, 1002, 2012, 3068);
INSERT INTO `subject_category` VALUES (5270, 35, 1002, 2012, 3066);
INSERT INTO `subject_category` VALUES (5271, 34, 1001, 2002, 3371);
INSERT INTO `subject_category` VALUES (5272, 36, 1001, 2001, 3003);
INSERT INTO `subject_category` VALUES (5276, 37, 1001, 2001, 3003);
INSERT INTO `subject_category` VALUES (5277, 38, 1001, 2001, 3003);
INSERT INTO `subject_category` VALUES (5278, 39, 1002, 2012, 3066);
INSERT INTO `subject_category` VALUES (5292, 40, 1001, 2002, 3371);
INSERT INTO `subject_category` VALUES (5293, 41, 1003, 2058, 3494);
INSERT INTO `subject_category` VALUES (5296, 43, 1004, 2039, 3215);
INSERT INTO `subject_category` VALUES (5297, 44, 1003, 2058, 3489);
INSERT INTO `subject_category` VALUES (5298, 45, 1001, 3671, 3673);
INSERT INTO `subject_category` VALUES (5303, 20, 1003, 2060, 3495);
INSERT INTO `subject_category` VALUES (5306, 11, 1005, 2078, 3615);
INSERT INTO `subject_category` VALUES (5307, 46, 1001, 2001, 3051);
INSERT INTO `subject_category` VALUES (5308, 47, 1003, 2058, 3489);
INSERT INTO `subject_category` VALUES (5309, 48, 1002, 2011, 3509);
INSERT INTO `subject_category` VALUES (5310, 49, 1002, 2012, 3068);
INSERT INTO `subject_category` VALUES (5311, 50, 1004, 2039, 3215);
INSERT INTO `subject_category` VALUES (5313, 51, 1002, 2011, 3509);
INSERT INTO `subject_category` VALUES (5314, 52, 1003, 2058, 3489);
INSERT INTO `subject_category` VALUES (5315, 53, 1002, 2011, 3509);
INSERT INTO `subject_category` VALUES (5316, 54, 1004, 2039, 3214);
INSERT INTO `subject_category` VALUES (5317, 55, 1003, 2058, 3489);
INSERT INTO `subject_category` VALUES (5319, 56, 1003, 2058, 3489);
INSERT INTO `subject_category` VALUES (5320, 57, 1004, 2039, 3215);
INSERT INTO `subject_category` VALUES (5321, 58, 1003, 2058, 3489);
INSERT INTO `subject_category` VALUES (5322, 59, 1003, 2058, 3489);
INSERT INTO `subject_category` VALUES (5323, 60, 1003, 2021, 3117);
INSERT INTO `subject_category` VALUES (5324, 61, 1004, 2039, 3215);
INSERT INTO `subject_category` VALUES (5326, 63, 1003, 2058, 3494);
INSERT INTO `subject_category` VALUES (5327, 62, 1003, 2058, 3489);
INSERT INTO `subject_category` VALUES (5328, 64, 1002, 2011, 3450);
INSERT INTO `subject_category` VALUES (5329, 65, 1004, 2029, 3164);
INSERT INTO `subject_category` VALUES (5330, 66, 1001, 2001, 3003);
INSERT INTO `subject_category` VALUES (5331, 67, 1001, 2001, 3003);
INSERT INTO `subject_category` VALUES (5332, 68, 1001, 2001, 3003);
INSERT INTO `subject_category` VALUES (5333, 69, 1001, 2001, 3003);

-- ----------------------------
-- Table structure for undo_log
-- ----------------------------
DROP TABLE IF EXISTS `undo_log`;
CREATE TABLE `undo_log`  (
  `branch_id` bigint NOT NULL COMMENT 'branch transaction id',
  `xid` varchar(100) CHARACTER SET utf8 COLLATE utf8_general_ci NOT NULL COMMENT 'global transaction id',
  `context` varchar(128) CHARACTER SET utf8 COLLATE utf8_general_ci NOT NULL COMMENT 'undo_log context,such as serialization',
  `rollback_info` longblob NOT NULL COMMENT 'rollback info',
  `log_status` int NOT NULL COMMENT '0:normal status,1:defense status',
  `log_created` datetime(6) NOT NULL COMMENT 'create datetime',
  `log_modified` datetime(6) NOT NULL COMMENT 'modify datetime',
  UNIQUE INDEX `ux_undo_log`(`xid` ASC, `branch_id` ASC) USING BTREE
) ENGINE = InnoDB CHARACTER SET = utf8 COLLATE = utf8_general_ci COMMENT = 'AT transaction mode undo table' ROW_FORMAT = COMPACT;

-- ----------------------------
-- Records of undo_log
-- ----------------------------

SET FOREIGN_KEY_CHECKS = 1;
